site,distance,n_tussocks,area
8_08_1,0,0,4
8_08_1,2,2,4
8_08_1,4,3,4
8_08_1,6,1,4
8_08_1,8,0,4
8_08_1,10,1,4
8_08_1,12,3,4
8_08_1,14,2,4
8_08_1,16,1,4
8_08_1,18,2,4
8_08_1,20,1,4
8_08_1,22,2,4
8_08_1,24,2,4
8_08_1,26,3,4
8_08_1,28,0,4
8_08_1,30,0,4
8_08_1,32,0,4
8_08_1,34,3,4
8_08_1,36,1,4
8_08_1,38,0,4
8_08_1,40,1,4
8_08_1,42,1,4
8_08_1,44,0,4
8_08_1,46,0,4
8_08_1,48,0,4
8_08_1,50,1,4
8_08_1,52,0,4
8_08_1,54,0,4
8_08_1,56,0,4
8_08_1,58,1,4
8_08_1,60,2,4
8_08_1,62,1,4
8_08_1,64,0,4
8_08_1,66,0,4
8_08_1,68,0,4
8_08_1,70,0,4
8_08_1,72,0,4
8_08_1,74,0,4
8_08_1,76,0,4
8_08_1,78,3,4
8_08_1,80,5,4
8_08_1,82,2,4
8_08_1,84,0,4
8_08_1,86,0,4
8_08_1,88,0,4
8_08_1,90,0,4
8_08_1,92,0,4
8_08_1,94,0,4
8_08_1,96,0,4
8_08_1,98,1,4
8_08_1,100,2,4
8_08_1,102,3,4
8_08_1,104,2,4
8_08_1,106,1,4
8_08_1,108,3,4
8_08_1,110,7,4
8_08_1,112,2,4
8_08_1,114,2,4
8_08_1,116,0,4
8_08_1,118,0,4
8_08_1,120,2,4
8_08_1,122,0,4
8_08_1,124,0,4
8_08_1,126,1,4
8_08_1,128,1,4
8_08_1,130,0,4
8_08_1,132,1,4
8_08_1,134,2,4
8_08_1,136,0,4
8_08_1,138,0,4
8_08_1,140,0,4
8_08_1,142,0,4
8_08_1,144,0,4
8_08_1,146,0,4
8_08_1,148,2,4
8_08_1,150,0,4
8_08_1,152,1,4
8_08_1,154,0,4
8_08_1,156,0,4
8_08_1,158,1,4
8_08_1,160,2,4
8_08_1,162,0,4
8_08_1,164,0,4
8_08_1,166,1,4
8_08_1,168,0,4
8_08_1,170,0,4
8_08_1,172,0,4
8_08_1,174,0,4
8_08_1,176,0,4
8_08_1,178,0,4
8_08_1,180,1,4
8_08_1,182,0,4
8_08_1,184,0,4
8_08_1,186,0,4
8_08_1,188,0,4
8_08_1,190,0,4
8_08_1,192,1,4
8_08_1,194,0,4
8_08_1,196,1,4
8_08_1,198,3,4
8_06_1,0,15,4
8_06_1,2,14,4
8_06_1,4,11,4
8_06_1,6,13,4
8_06_1,8,9,4
8_06_1,10,2,4
8_06_1,12,2,4
8_06_1,14,4,4
8_06_1,16,6,4
8_06_1,18,5,4
8_06_1,20,8,4
8_06_1,22,12,4
8_06_1,24,7,4
8_06_1,26,9,4
8_06_1,28,13,4
8_06_1,30,11,4
8_06_1,32,13,4
8_06_1,34,17,4
8_06_1,36,10,4
8_06_1,38,7,4
8_06_1,40,5,4
8_06_1,42,4,4
8_06_1,44,3,4
8_06_1,46,1,4
8_06_1,48,1,4
8_06_1,50,2,4
8_06_1,52,3,4
8_06_1,54,0,4
8_06_1,56,12,4
8_06_1,58,14,4
8_06_1,60,13,4
8_06_1,62,11,4
8_06_1,64,14,4
8_06_1,66,13,4
8_06_1,68,15,4
8_06_1,70,12,4
8_06_1,72,15,4
8_06_1,74,12,4
8_06_1,76,16,4
8_06_1,78,12,4
8_06_1,80,11,4
8_06_1,82,16,4
8_06_1,84,17,4
8_06_1,86,13,4
8_06_1,88,12,4
8_06_1,90,13,4
8_06_1,92,11,4
8_06_1,94,14,4
8_06_1,96,10,4
8_06_1,98,9,4
8_06_1,100,18,4
8_06_1,102,17,4
8_06_1,104,11,4
8_06_1,106,11,4
8_06_1,108,12,4
8_06_1,110,8,4
8_06_1,112,15,4
8_06_1,114,13,4
8_06_1,116,12,4
8_06_1,118,4,4
8_06_1,120,2,4
8_06_1,122,5,4
8_06_1,124,1,4
8_06_1,126,2,4
8_06_1,128,3,4
8_06_1,130,1,4
8_06_1,132,10,4
8_06_1,134,7,4
8_06_1,136,5,4
8_06_1,138,7,4
8_06_1,140,7,4
8_06_1,142,4,4
8_06_1,144,8,4
8_06_1,146,2,4
8_06_1,148,9,4
8_06_1,150,15,4
8_06_1,152,13,4
8_06_1,154,12,4
8_06_1,156,12,4
8_06_1,158,15,4
8_06_1,160,11,4
8_06_1,162,6,4
8_06_1,164,3,4
8_06_1,166,2,4
8_06_1,168,1,4
8_06_1,170,6,4
8_06_1,172,7,4
8_06_1,174,2,4
8_06_1,176,0,4
8_06_1,178,0,4
8_06_1,180,0,4
8_06_1,182,0,4
8_06_1,184,0,4
8_06_1,186,0,4
8_06_1,188,8,4
8_06_1,190,7,4
8_06_1,192,8,4
8_06_1,194,7,4
8_06_1,196,9,4
8_06_1,198,8,4
8_01_1,0,3,4
8_01_1,2,12,4
8_01_1,4,9,4
8_01_1,6,11,4
8_01_1,8,7,4
8_01_1,10,0,4
8_01_1,12,8,4
8_01_1,14,11,4
8_01_1,16,8,4
8_01_1,18,5,4
8_01_1,20,7,4
8_01_1,22,8,4
8_01_1,24,7,4
8_01_1,26,9,4
8_01_1,28,9,4
8_01_1,30,4,4
8_01_1,32,8,4
8_01_1,34,6,4
8_01_1,36,4,4
8_01_1,38,8,4
8_01_1,40,7,4
8_01_1,42,1,4
8_01_1,44,0,4
8_01_1,46,2,4
8_01_1,48,3,4
8_01_1,50,5,4
8_01_1,52,7,4
8_01_1,54,3,4
8_01_1,56,5,4
8_01_1,58,3,4
8_01_1,60,3,4
8_01_1,62,1,4
8_01_1,64,3,4
8_01_1,66,6,4
8_01_1,68,5,4
8_01_1,70,0,4
8_01_1,72,2,4
8_01_1,74,3,4
8_01_1,76,2,4
8_01_1,78,1,4
8_01_1,80,4,4
8_01_1,82,5,4
8_01_1,84,6,4
8_01_1,86,4,4
8_01_1,88,5,4
8_01_1,90,4,4
8_01_1,92,4,4
8_01_1,94,0,4
8_01_1,96,0,4
8_01_1,98,3,4
8_01_1,100,0,4
8_01_1,102,5,4
8_01_1,104,18,4
8_01_1,106,9,4
8_01_1,108,6,4
8_01_1,110,2,4
8_01_1,112,5,4
8_01_1,114,4,4
8_01_1,116,4,4
8_01_1,118,2,4
8_01_1,120,1,4
8_01_1,122,2,4
8_01_1,124,10,4
8_01_1,126,7,4
8_01_1,128,8,4
8_01_1,130,8,4
8_01_1,132,8,4
8_01_1,134,7,4
8_01_1,136,2,4
8_01_1,138,1,4
8_01_1,140,6,4
8_01_1,142,3,4
8_01_1,144,4,4
8_01_1,146,1,4
8_01_1,148,1,4
8_01_1,150,5,4
8_01_1,152,2,4
8_01_1,154,0,4
8_01_1,156,4,4
8_01_1,158,6,4
8_01_1,160,3,4
8_01_1,162,4,4
8_01_1,164,3,4
8_01_1,166,7,4
8_01_1,168,12,4
8_01_1,170,7,4
8_01_1,172,4,4
8_01_1,174,2,4
8_01_1,176,1,4
8_01_1,178,3,4
8_01_1,180,1,4
8_01_1,182,4,4
8_01_1,184,7,4
8_01_1,186,7,4
8_01_1,188,6,4
8_01_1,190,5,4
8_01_1,192,12,4
8_01_1,194,5,4
8_01_1,196,8,4
8_01_1,198,0,4
7_24_1,0,21,4
7_24_1,2,18,4
7_24_1,4,19,4
7_24_1,6,22,4
7_24_1,8,18,4
7_24_1,10,21,4
7_24_1,12,20,4
7_24_1,14,22,4
7_24_1,16,24,4
7_24_1,18,19,4
7_24_1,20,23,4
7_24_1,22,17,4
7_24_1,24,13,4
7_24_1,26,19,4
7_24_1,28,19,4
7_24_1,30,15,4
7_24_1,32,17,4
7_24_1,34,14,4
7_24_1,36,13,4
7_24_1,38,14,4
7_24_1,40,12,4
7_24_1,42,11,4
7_24_1,44,14,4
7_24_1,46,18,4
7_24_1,48,12,4
7_24_1,50,11,4
7_24_1,52,10,4
7_24_1,54,16,4
7_24_1,56,14,4
7_24_1,58,15,4
7_24_1,60,18,4
7_24_1,62,17,4
7_24_1,64,16,4
7_24_1,66,15,4
7_24_1,68,15,4
7_24_1,70,23,4
7_24_1,72,17,4
7_24_1,74,16,4
7_24_1,76,18,4
7_24_1,78,13,4
7_24_1,80,17,4
7_24_1,82,18,4
7_24_1,84,16,4
7_24_1,86,20,4
7_24_1,88,18,4
7_24_1,90,16,4
7_24_1,92,14,4
7_24_1,94,20,4
7_24_1,96,13,4
7_24_1,98,14,4
7_24_1,100,16,4
7_24_1,102,13,4
7_24_1,104,12,4
7_24_1,106,5,4
7_24_1,108,1,4
7_24_1,110,8,4
7_24_1,112,16,4
7_24_1,114,15,4
7_24_1,116,20,4
7_24_1,118,13,4
7_24_1,120,12,4
7_24_1,122,12,4
7_24_1,124,15,4
7_24_1,126,18,4
7_24_1,128,14,4
7_24_1,130,22,4
7_24_1,132,15,4
7_24_1,134,16,4
7_24_1,136,16,4
7_24_1,138,20,4
7_24_1,140,14,4
7_24_1,142,9,4
7_24_1,144,0,4
7_24_1,146,10,4
7_24_1,148,19,4
7_24_1,150,19,4
7_24_1,152,18,4
7_24_1,154,16,4
7_24_1,156,15,4
7_24_1,158,10,4
7_24_1,160,20,4
7_24_1,162,18,4
7_24_1,164,16,4
7_24_1,166,8,4
7_24_1,168,19,4
7_24_1,170,10,4
7_24_1,172,10,4
7_24_1,174,19,4
7_24_1,176,18,4
7_24_1,178,13,4
7_24_1,180,15,4
7_24_1,182,14,4
7_24_1,184,8,4
7_24_1,186,14,4
7_24_1,188,12,4
7_24_1,190,10,4
7_24_1,192,0,4
7_24_1,194,0,4
7_24_1,196,0,4
7_24_1,198,0,4
7_28_1,0,9,4
7_28_1,2,0,4
7_28_1,4,4,4
7_28_1,6,3,4
7_28_1,8,3,4
7_28_1,10,4,4
7_28_1,12,10,4
7_28_1,14,2,4
7_28_1,16,7,4
7_28_1,18,14,4
7_28_1,20,7,4
7_28_1,22,6,4
7_28_1,24,5,4
7_28_1,26,8,4
7_28_1,28,1,4
7_28_1,30,2,4
7_28_1,32,10,4
7_28_1,34,7,4
7_28_1,36,8,4
7_28_1,38,5,4
7_28_1,40,1,4
7_28_1,42,4,4
7_28_1,44,2,4
7_28_1,46,0,4
7_28_1,48,1,4
7_28_1,50,3,4
7_28_1,52,10,4
7_28_1,54,4,4
7_28_1,56,12,4
7_28_1,58,4,4
7_28_1,60,3,4
7_28_1,62,4,4
7_28_1,64,2,4
7_28_1,66,1,4
7_28_1,68,6,4
7_28_1,70,4,4
7_28_1,72,0,4
7_28_1,74,1,4
7_28_1,76,4,4
7_28_1,78,11,4
7_28_1,80,3,4
7_28_1,82,4,4
7_28_1,84,5,4
7_28_1,86,4,4
7_28_1,88,1,4
7_28_1,90,0,4
7_28_1,92,3,4
7_28_1,94,0,4
7_28_1,96,0,4
7_28_1,98,0,4
7_28_1,100,2,4
7_28_1,102,2,4
7_28_1,104,5,4
7_28_1,106,0,4
7_28_1,108,1,4
7_28_1,110,1,4
7_28_1,112,1,4
7_28_1,114,0,4
7_28_1,116,0,4
7_28_1,118,0,4
7_28_1,120,0,4
7_28_1,122,3,4
7_28_1,124,16,4
7_28_1,126,7,4
7_28_1,128,8,4
7_28_1,130,4,4
7_28_1,132,2,4
7_28_1,134,2,4
7_28_1,136,5,4
7_28_1,138,4,4
7_28_1,140,1,4
7_28_1,142,2,4
7_28_1,144,0,4
7_28_1,146,1,4
7_28_1,148,3,4
7_28_1,150,2,4
7_28_1,152,0,4
7_28_1,154,1,4
7_28_1,156,1,4
7_28_1,158,5,4
7_28_1,160,0,4
7_28_1,162,2,4
7_28_1,164,9,4
7_28_1,166,13,4
7_28_1,168,6,4
7_28_1,170,0,4
7_28_1,172,2,4
7_28_1,174,1,4
7_28_1,176,1,4
7_28_1,178,2,4
7_28_1,180,0,4
7_28_1,182,0,4
7_28_1,184,1,4
7_28_1,186,0,4
7_28_1,188,13,4
7_28_1,190,8,4
7_28_1,192,5,4
7_28_1,194,5,4
7_28_1,196,1,4
7_28_1,198,5,4
7_23_1,0,21,4
7_23_1,2,24,4
7_23_1,4,15,4
7_23_1,6,14,4
7_23_1,8,7,4
7_23_1,10,14,4
7_23_1,12,22,4
7_23_1,14,24,4
7_23_1,16,23,4
7_23_1,18,25,4
7_23_1,20,25,4
7_23_1,22,22,4
7_23_1,24,19,4
7_23_1,26,21,4
7_23_1,28,14,4
7_23_1,30,21,4
7_23_1,32,13,4
7_23_1,34,17,4
7_23_1,36,16,4
7_23_1,38,15,4
7_23_1,40,24,4
7_23_1,42,21,4
7_23_1,44,20,4
7_23_1,46,26,4
7_23_1,48,18,4
7_23_1,50,27,4
7_23_1,52,25,4
7_23_1,54,26,4
7_23_1,56,28,4
7_23_1,58,24,4
7_23_1,60,17,4
7_23_1,62,27,4
7_23_1,64,28,4
7_23_1,66,26,4
7_23_1,68,25,4
7_23_1,70,26,4
7_23_1,72,27,4
7_23_1,74,23,4
7_23_1,76,24,4
7_23_1,78,19,4
7_23_1,80,20,4
7_23_1,82,23,4
7_23_1,84,20,4
7_23_1,86,23,4
7_23_1,88,18,4
7_23_1,90,22,4
7_23_1,92,25,4
7_23_1,94,27,4
7_23_1,96,25,4
7_23_1,98,28,4
7_23_1,100,27,4
7_23_1,102,25,4
7_23_1,104,23,4
7_23_1,106,22,4
7_23_1,108,24,4
7_23_1,110,25,4
7_23_1,112,24,4
7_23_1,114,22,4
7_23_1,116,20,4
7_23_1,118,26,4
7_23_1,120,22,4
7_23_1,122,18,4
7_23_1,124,16,4
7_23_1,126,19,4
7_23_1,128,22,4
7_23_1,130,22,4
7_23_1,132,26,4
7_23_1,134,20,4
7_23_1,136,18,4
7_23_1,138,19,4
7_23_1,140,23,4
7_23_1,142,19,4
7_23_1,144,17,4
7_23_1,146,23,4
7_23_1,148,18,4
7_23_1,150,20,4
7_23_1,152,21,4
7_23_1,154,18,4
7_23_1,156,16,4
7_23_1,158,21,4
7_23_1,160,18,4
7_23_1,162,20,4
7_23_1,164,18,4
7_23_1,166,25,4
7_23_1,168,19,4
7_23_1,170,20,4
7_23_1,172,18,4
7_23_1,174,25,4
7_23_1,176,18,4
7_23_1,178,17,4
7_23_1,180,20,4
7_23_1,182,21,4
7_23_1,184,19,4
7_23_1,186,18,4
7_23_1,188,15,4
7_23_1,190,13,4
7_23_1,192,15,4
7_23_1,194,15,4
7_23_1,196,17,4
7_23_1,198,8,4
7_22_1,0,23,4
7_22_1,2,21,4
7_22_1,4,24,4
7_22_1,6,20,4
7_22_1,8,21,4
7_22_1,10,24,4
7_22_1,12,20,4
7_22_1,14,25,4
7_22_1,16,19,4
7_22_1,18,24,4
7_22_1,20,22,4
7_22_1,22,17,4
7_22_1,24,23,4
7_22_1,26,27,4
7_22_1,28,25,4
7_22_1,30,21,4
7_22_1,32,29,4
7_22_1,34,30,4
7_22_1,36,24,4
7_22_1,38,23,4
7_22_1,40,24,4
7_22_1,42,23,4
7_22_1,44,25,4
7_22_1,46,22,4
7_22_1,48,23,4
7_22_1,50,24,4
7_22_1,52,28,4
7_22_1,54,23,4
7_22_1,56,17,4
7_22_1,58,18,4
7_22_1,60,21,4
7_22_1,62,23,4
7_22_1,64,24,4
7_22_1,66,16,4
7_22_1,68,19,4
7_22_1,70,16,4
7_22_1,72,8,4
7_22_1,74,13,4
7_22_1,76,14,4
7_22_1,78,9,4
7_22_1,80,8,4
7_22_1,82,14,4
7_22_1,84,17,4
7_22_1,86,18,4
7_22_1,88,20,4
7_22_1,90,19,4
7_22_1,92,12,4
7_22_1,94,20,4
7_22_1,96,21,4
7_22_1,98,17,4
7_22_1,100,16,4
7_22_1,102,18,4
7_22_1,104,18,4
7_22_1,106,17,4
7_22_1,108,19,4
7_22_1,110,21,4
7_22_1,112,20,4
7_22_1,114,18,4
7_22_1,116,22,4
7_22_1,118,21,4
7_22_1,120,25,4
7_22_1,122,22,4
7_22_1,124,17,4
7_22_1,126,20,4
7_22_1,128,18,4
7_22_1,130,16,4
7_22_1,132,16,4
7_22_1,134,19,4
7_22_1,136,24,4
7_22_1,138,25,4
7_22_1,140,25,4
7_22_1,142,15,4
7_22_1,144,18,4
7_22_1,146,19,4
7_22_1,148,18,4
7_22_1,150,23,4
7_22_1,152,21,4
7_22_1,154,19,4
7_22_1,156,22,4
7_22_1,158,18,4
7_22_1,160,20,4
7_22_1,162,28,4
7_22_1,164,19,4
7_22_1,166,20,4
7_22_1,168,19,4
7_22_1,170,15,4
7_22_1,172,14,4
7_22_1,174,25,4
7_22_1,176,22,4
7_22_1,178,23,4
7_22_1,180,21,4
7_22_1,182,23,4
7_22_1,184,18,4
7_22_1,186,23,4
7_22_1,188,21,4
7_22_1,190,18,4
7_22_1,192,19,4
7_22_1,194,20,4
7_22_1,196,20,4
7_22_1,198,24,4
imnaviat,0,11,4
imnaviat,2,14,4
imnaviat,4,13,4
imnaviat,6,17,4
imnaviat,8,16,4
imnaviat,10,17,4
imnaviat,12,9,4
imnaviat,14,17,4
imnaviat,16,5,4
imnaviat,18,10,4
imnaviat,20,3,4
imnaviat,22,4,4
imnaviat,24,13,4
imnaviat,26,15,4
imnaviat,28,18,4
imnaviat,30,16,4
imnaviat,32,13,4
imnaviat,34,15,4
imnaviat,36,12,4
imnaviat,38,17,4
imnaviat,40,10,4
imnaviat,42,12,4
imnaviat,44,12,4
imnaviat,46,10,4
imnaviat,48,12,4
imnaviat,50,12,4
imnaviat,52,1,4
imnaviat,54,0,4
imnaviat,56,2,4
imnaviat,58,3,4
imnaviat,60,2,4
imnaviat,62,0,4
imnaviat,64,0,4
imnaviat,66,3,4
imnaviat,68,9,4
imnaviat,70,2,4
imnaviat,72,6,4
imnaviat,74,9,4
imnaviat,76,0,4
imnaviat,78,10,4
imnaviat,80,14,4
imnaviat,82,11,4
imnaviat,84,12,4
imnaviat,86,11,4
imnaviat,88,14,4
imnaviat,90,9,4
imnaviat,92,8,4
imnaviat,94,13,4
imnaviat,96,15,4
imnaviat,98,9,4
imnaviat,100,11,4
imnaviat,102,11,4
imnaviat,104,13,4
imnaviat,106,20,4
imnaviat,108,19,4
imnaviat,110,21,4
imnaviat,112,15,4
imnaviat,114,12,4
imnaviat,116,11,4
imnaviat,118,12,4
imnaviat,120,16,4
imnaviat,122,5,4
imnaviat,124,5,4
imnaviat,126,14,4
imnaviat,128,13,4
imnaviat,130,9,4
imnaviat,132,10,4
imnaviat,134,3,4
imnaviat,136,9,4
imnaviat,138,11,4
imnaviat,140,12,4
imnaviat,142,4,4
imnaviat,144,5,4
imnaviat,146,10,4
imnaviat,148,1,4
imnaviat,150,4,4
imnaviat,152,2,4
imnaviat,154,1,4
imnaviat,156,1,4
imnaviat,158,7,4
imnaviat,160,7,4
imnaviat,162,6,4
imnaviat,164,11,4
imnaviat,166,11,4
imnaviat,168,10,4
imnaviat,170,8,4
imnaviat,172,15,4
imnaviat,174,17,4
imnaviat,176,9,4
imnaviat,178,6,4
imnaviat,180,11,4
imnaviat,182,8,4
imnaviat,184,1,4
imnaviat,186,0,4
imnaviat,188,0,4
imnaviat,190,2,4
imnaviat,192,10,4
imnaviat,194,11,4
imnaviat,196,12,4
imnaviat,198,4,4
toolik_pad_mid,0,10,4
toolik_pad_mid,2,7,4
toolik_pad_mid,4,6,4
toolik_pad_mid,6,8,4
toolik_pad_mid,8,7,4
toolik_pad_mid,10,4,4
toolik_pad_mid,12,5,4
toolik_pad_mid,14,9,4
toolik_pad_mid,16,8,4
toolik_pad_mid,18,10,4
toolik_pad_mid,20,12,4
toolik_pad_mid,22,13,4
toolik_pad_mid,24,7,4
toolik_pad_mid,26,6,4
toolik_pad_mid,28,1,4
toolik_pad_mid,30,9,4
toolik_pad_mid,32,9,4
toolik_pad_mid,34,7,4
toolik_pad_mid,36,11,4
toolik_pad_mid,38,14,4
toolik_pad_mid,40,5,4
toolik_pad_mid,42,5,4
toolik_pad_mid,44,6,4
toolik_pad_mid,46,5,4
toolik_pad_mid,48,8,4
toolik_pad_mid,50,5,4
toolik_pad_mid,52,5,4
toolik_pad_mid,54,0,4
toolik_pad_mid,56,1,4
toolik_pad_mid,58,1,4
toolik_pad_mid,60,14,4
toolik_pad_mid,62,11,4
toolik_pad_mid,64,5,4
toolik_pad_mid,66,0,4
toolik_pad_mid,68,0,4
toolik_pad_mid,70,4,4
toolik_pad_mid,72,16,4
toolik_pad_mid,74,10,4
toolik_pad_mid,76,8,4
toolik_pad_mid,78,9,4
toolik_pad_mid,80,4,4
toolik_pad_mid,82,1,4
toolik_pad_mid,84,9,4
toolik_pad_mid,86,3,4
toolik_pad_mid,88,9,4
toolik_pad_mid,90,3,4
toolik_pad_mid,92,6,4
toolik_pad_mid,94,4,4
toolik_pad_mid,96,6,4
toolik_pad_mid,98,2,4
toolik_pad_mid,100,7,4
toolik_pad_mid,102,7,4
toolik_pad_mid,104,3,4
toolik_pad_mid,106,0,4
toolik_pad_mid,108,1,4
toolik_pad_mid,110,4,4
toolik_pad_mid,112,4,4
toolik_pad_mid,114,3,4
toolik_pad_mid,116,0,4
toolik_pad_mid,118,0,4
toolik_pad_mid,120,0,4
toolik_pad_mid,122,3,4
toolik_pad_mid,124,10,4
toolik_pad_mid,126,9,4
toolik_pad_mid,128,4,4
toolik_pad_mid,130,0,4
toolik_pad_mid,132,0,4
toolik_pad_mid,134,1,4
toolik_pad_mid,136,1,4
toolik_pad_mid,138,1,4
toolik_pad_mid,140,5,4
toolik_pad_mid,142,7,4
toolik_pad_mid,144,4,4
toolik_pad_mid,146,3,4
toolik_pad_mid,148,0,4
toolik_pad_mid,150,0,4
toolik_pad_mid,152,0,4
toolik_pad_mid,154,0,4
toolik_pad_mid,156,3,4
toolik_pad_mid,158,0,4
toolik_pad_mid,160,0,4
toolik_pad_mid,162,0,4
toolik_pad_mid,164,3,4
toolik_pad_mid,166,2,4
toolik_pad_mid,168,0,4
toolik_pad_mid,170,0,4
toolik_pad_mid,172,0,4
toolik_pad_mid,174,0,4
toolik_pad_mid,176,0,4
toolik_pad_mid,178,1,4
toolik_pad_mid,180,0,4
toolik_pad_mid,182,0,4
toolik_pad_mid,184,0,4
toolik_pad_mid,186,1,4
toolik_pad_mid,188,0,4
toolik_pad_mid,190,2,4
toolik_pad_mid,192,3,4
toolik_pad_mid,194,1,4
toolik_pad_mid,196,0,4
toolik_pad_mid,198,2,4
8_13_1,0,23,4
8_13_1,2,20,4
8_13_1,4,22,4
8_13_1,6,18,4
8_13_1,8,22,4
8_13_1,10,21,4
8_13_1,12,22,4
8_13_1,14,19,4
8_13_1,16,18,4
8_13_1,18,20,4
8_13_1,20,17,4
8_13_1,22,18,4
8_13_1,24,18,4
8_13_1,26,19,4
8_13_1,28,19,4
8_13_1,30,17,4
8_13_1,32,13,4
8_13_1,34,11,4
8_13_1,36,16,4
8_13_1,38,10,4
8_13_1,40,12,4
8_13_1,42,13,4
8_13_1,44,19,4
8_13_1,46,13,4
8_13_1,48,18,4
8_13_1,50,19,4
8_13_1,52,18,4
8_13_1,54,21,4
8_13_1,56,19,4
8_13_1,58,19,4
8_13_1,60,13,4
8_13_1,62,18,4
8_13_1,64,19,4
8_13_1,66,17,4
8_13_1,68,12,4
8_13_1,70,13,4
8_13_1,72,14,4
8_13_1,74,16,4
8_13_1,76,12,4
8_13_1,78,23,4
8_13_1,80,12,4
8_13_1,82,10,4
8_13_1,84,13,4
8_13_1,86,12,4
8_13_1,88,17,4
8_13_1,90,14,4
8_13_1,92,11,4
8_13_1,94,15,4
8_13_1,96,15,4
8_13_1,98,13,4
8_13_1,100,18,4
8_13_1,102,18,4
8_13_1,104,17,4
8_13_1,106,15,4
8_13_1,108,14,4
8_13_1,110,19,4
8_13_1,112,18,4
8_13_1,114,17,4
8_13_1,116,16,4
8_13_1,118,12,4
8_13_1,120,13,4
8_13_1,122,21,4
8_13_1,124,15,4
8_13_1,126,17,4
8_13_1,128,16,4
8_13_1,130,17,4
8_13_1,132,21,4
8_13_1,134,16,4
8_13_1,136,19,4
8_13_1,138,15,4
8_13_1,140,16,4
8_13_1,142,17,4
8_13_1,144,19,4
8_13_1,146,18,4
8_13_1,148,17,4
8_13_1,150,21,4
8_13_1,152,15,4
8_13_1,154,18,4
8_13_1,156,15,4
8_13_1,158,16,4
8_13_1,160,19,4
8_13_1,162,13,4
8_13_1,164,11,4
8_13_1,166,12,4
8_13_1,168,16,4
8_13_1,170,13,4
8_13_1,172,16,4
8_13_1,174,13,4
8_13_1,176,16,4
8_13_1,178,9,4
8_13_1,180,14,4
8_13_1,182,18,4
8_13_1,184,12,4
8_13_1,186,11,4
8_13_1,188,15,4
8_13_1,190,18,4
8_13_1,192,20,4
8_13_1,194,21,4
8_13_1,196,16,4
8_13_1,198,18,4
8_07_1,0,6,4
8_07_1,2,4,4
8_07_1,4,3,4
8_07_1,6,4,4
8_07_1,8,5,4
8_07_1,10,7,4
8_07_1,12,6,4
8_07_1,14,5,4
8_07_1,16,2,4
8_07_1,18,4,4
8_07_1,20,5,4
8_07_1,22,4,4
8_07_1,24,9,4
8_07_1,26,7,4
8_07_1,28,8,4
8_07_1,30,6,4
8_07_1,32,2,4
8_07_1,34,7,4
8_07_1,36,3,4
8_07_1,38,4,4
8_07_1,40,6,4
8_07_1,42,5,4
8_07_1,44,6,4
8_07_1,46,8,4
8_07_1,48,6,4
8_07_1,50,6,4
8_07_1,52,4,4
8_07_1,54,5,4
8_07_1,56,10,4
8_07_1,58,1,4
8_07_1,60,9,4
8_07_1,62,2,4
8_07_1,64,2,4
8_07_1,66,3,4
8_07_1,68,4,4
8_07_1,70,7,4
8_07_1,72,8,4
8_07_1,74,4,4
8_07_1,76,2,4
8_07_1,78,2,4
8_07_1,80,3,4
8_07_1,82,2,4
8_07_1,84,4,4
8_07_1,86,9,4
8_07_1,88,9,4
8_07_1,90,3,4
8_07_1,92,5,4
8_07_1,94,4,4
8_07_1,96,1,4
8_07_1,98,7,4
8_07_1,100,3,4
8_07_1,102,0,4
8_07_1,104,6,4
8_07_1,106,5,4
8_07_1,108,4,4
8_07_1,110,1,4
8_07_1,112,3,4
8_07_1,114,4,4
8_07_1,116,7,4
8_07_1,118,9,4
8_07_1,120,6,4
8_07_1,122,3,4
8_07_1,124,3,4
8_07_1,126,5,4
8_07_1,128,11,4
8_07_1,130,9,4
8_07_1,132,3,4
8_07_1,134,6,4
8_07_1,136,2,4
8_07_1,138,4,4
8_07_1,140,6,4
8_07_1,142,4,4
8_07_1,144,11,4
8_07_1,146,4,4
8_07_1,148,9,4
8_07_1,150,9,4
8_07_1,152,7,4
8_07_1,154,5,4
8_07_1,156,4,4
8_07_1,158,8,4
8_07_1,160,4,4
8_07_1,162,1,4
8_07_1,164,5,4
8_07_1,166,9,4
8_07_1,168,9,4
8_07_1,170,5,4
8_07_1,172,5,4
8_07_1,174,6,4
8_07_1,176,7,4
8_07_1,178,5,4
8_07_1,180,5,4
8_07_1,182,3,4
8_07_1,184,4,4
8_07_1,186,3,4
8_07_1,188,6,4
8_07_1,190,4,4
8_07_1,192,4,4
8_07_1,194,3,4
8_07_1,196,7,4
8_07_1,198,8,4
dead_horse,0,6,4
dead_horse,2,10,4
dead_horse,4,3,4
dead_horse,6,0,4
dead_horse,8,3,4
dead_horse,10,6,4
dead_horse,12,5,4
dead_horse,14,6,4
dead_horse,16,1,4
dead_horse,18,3,4
dead_horse,20,1,4
dead_horse,22,0,4
dead_horse,24,3,4
dead_horse,26,1,4
dead_horse,28,2,4
dead_horse,30,3,4
dead_horse,32,2,4
dead_horse,34,3,4
dead_horse,36,6,4
dead_horse,38,0,4
dead_horse,40,2,4
dead_horse,42,2,4
dead_horse,44,0,4
dead_horse,46,1,4
dead_horse,48,0,4
dead_horse,50,0,4
dead_horse,52,2,4
dead_horse,54,1,4
dead_horse,56,0,4
dead_horse,58,2,4
dead_horse,60,0,4
dead_horse,62,0,4
dead_horse,64,1,4
dead_horse,66,4,4
dead_horse,68,6,4
dead_horse,70,0,4
dead_horse,72,0,4
dead_horse,74,1,4
dead_horse,76,0,4
dead_horse,78,5,4
dead_horse,80,11,4
dead_horse,82,4,4
dead_horse,84,12,4
dead_horse,86,6,4
dead_horse,88,3,4
dead_horse,90,3,4
dead_horse,92,4,4
dead_horse,94,5,4
dead_horse,96,5,4
dead_horse,98,4,4
dead_horse,100,5,4
dead_horse,102,2,4
dead_horse,104,0,4
dead_horse,106,1,4
dead_horse,108,2,4
dead_horse,110,1,4
dead_horse,112,3,4
dead_horse,114,6,4
dead_horse,116,3,4
dead_horse,118,2,4
dead_horse,120,5,4
dead_horse,122,2,4
dead_horse,124,1,4
dead_horse,126,1,4
dead_horse,128,11,4
dead_horse,130,1,4
dead_horse,132,1,4
dead_horse,134,1,4
dead_horse,136,2,4
dead_horse,138,0,4
dead_horse,140,0,4
dead_horse,142,0,4
dead_horse,144,0,4
dead_horse,146,1,4
dead_horse,148,2,4
dead_horse,150,0,4
dead_horse,152,0,4
dead_horse,154,0,4
dead_horse,156,0,4
dead_horse,158,3,4
dead_horse,160,3,4
dead_horse,162,0,4
dead_horse,164,0,4
dead_horse,166,1,4
dead_horse,168,0,4
dead_horse,170,0,4
dead_horse,172,0,4
dead_horse,174,0,4
dead_horse,176,0,4
dead_horse,178,0,4
dead_horse,180,1,4
dead_horse,182,1,4
dead_horse,184,0,4
dead_horse,186,1,4
dead_horse,188,0,4
dead_horse,190,1,4
dead_horse,192,0,4
dead_horse,194,2,4
dead_horse,196,0,4
dead_horse,198,0,4
Toolik_7,0,9,4
Toolik_7,2,6,4
Toolik_7,4,1,4
Toolik_7,6,2,4
Toolik_7,8,6,4
Toolik_7,10,5,4
Toolik_7,12,2,4
Toolik_7,14,3,4
Toolik_7,16,3,4
Toolik_7,18,1,4
Toolik_7,20,2,4
Toolik_7,22,6,4
Toolik_7,24,7,4
Toolik_7,26,5,4
Toolik_7,28,6,4
Toolik_7,30,4,4
Toolik_7,32,5,4
Toolik_7,34,5,4
Toolik_7,36,4,4
Toolik_7,38,4,4
Toolik_7,40,1,4
Toolik_7,42,9,4
Toolik_7,44,9,4
Toolik_7,46,4,4
Toolik_7,48,6,4
Toolik_7,50,4,4
Toolik_7,52,3,4
Toolik_7,54,5,4
Toolik_7,56,6,4
Toolik_7,58,4,4
Toolik_7,60,0,4
Toolik_7,62,9,4
Toolik_7,64,8,4
Toolik_7,66,10,4
Toolik_7,68,12,4
Toolik_7,70,11,4
Toolik_7,72,12,4
Toolik_7,74,11,4
Toolik_7,76,11,4
Toolik_7,78,15,4
Toolik_7,80,14,4
Toolik_7,82,15,4
Toolik_7,84,14,4
Toolik_7,86,7,4
Toolik_7,88,10,4
Toolik_7,90,14,4
Toolik_7,92,16,4
Toolik_7,94,13,4
Toolik_7,96,10,4
Toolik_7,98,9,4
Toolik_7,100,7,4
Toolik_7,102,9,4
Toolik_7,104,7,4
Toolik_7,106,4,4
Toolik_7,108,6,4
Toolik_7,110,5,4
Toolik_7,112,7,4
Toolik_7,114,5,4
Toolik_7,116,6,4
Toolik_7,118,12,4
Toolik_7,120,10,4
Toolik_7,122,2,4
Toolik_7,124,9,4
Toolik_7,126,3,4
Toolik_7,128,0,4
Toolik_7,130,5,4
Toolik_7,132,8,4
Toolik_7,134,2,4
Toolik_7,136,2,4
Toolik_7,138,3,4
Toolik_7,140,4,4
Toolik_7,142,5,4
Toolik_7,144,4,4
Toolik_7,146,1,4
Toolik_7,148,3,4
Toolik_7,150,3,4
Toolik_7,152,8,4
Toolik_7,154,9,4
Toolik_7,156,2,4
Toolik_7,158,0,4
Toolik_7,160,3,4
Toolik_7,162,4,4
Toolik_7,164,0,4
Toolik_7,166,0,4
Toolik_7,168,3,4
Toolik_7,170,1,4
Toolik_7,172,0,4
Toolik_7,174,2,4
Toolik_7,176,2,4
Toolik_7,178,4,4
Toolik_7,180,4,4
Toolik_7,182,7,4
Toolik_7,184,0,4
Toolik_7,186,2,4
Toolik_7,188,0,4
Toolik_7,190,2,4
Toolik_7,192,1,4
Toolik_7,194,0,4
Toolik_7,196,3,4
Toolik_7,198,1,4
happy_valley,0,13,4
happy_valley,2,19,4
happy_valley,4,10,4
happy_valley,6,16,4
happy_valley,8,10,4
happy_valley,10,9,4
happy_valley,12,17,4
happy_valley,14,16,4
happy_valley,16,11,4
happy_valley,18,10,4
happy_valley,20,16,4
happy_valley,22,16,4
happy_valley,24,16,4
happy_valley,26,15,4
happy_valley,28,15,4
happy_valley,30,15,4
happy_valley,32,17,4
happy_valley,34,15,4
happy_valley,36,14,4
happy_valley,38,18,4
happy_valley,40,17,4
happy_valley,42,16,4
happy_valley,44,11,4
happy_valley,46,12,4
happy_valley,48,15,4
happy_valley,50,14,4
happy_valley,52,15,4
happy_valley,54,14,4
happy_valley,56,16,4
happy_valley,58,15,4
happy_valley,60,15,4
happy_valley,62,17,4
happy_valley,64,17,4
happy_valley,66,13,4
happy_valley,68,18,4
happy_valley,70,11,4
happy_valley,72,8,4
happy_valley,74,17,4
happy_valley,76,15,4
happy_valley,78,13,4
happy_valley,80,12,4
happy_valley,82,10,4
happy_valley,84,9,4
happy_valley,86,12,4
happy_valley,88,12,4
happy_valley,90,14,4
happy_valley,92,14,4
happy_valley,94,10,4
happy_valley,96,11,4
happy_valley,98,21,4
happy_valley,100,13,4
happy_valley,102,10,4
happy_valley,104,11,4
happy_valley,106,9,4
happy_valley,108,12,4
happy_valley,110,10,4
happy_valley,112,13,4
happy_valley,114,12,4
happy_valley,116,17,4
happy_valley,118,19,4
happy_valley,120,12,4
happy_valley,122,11,4
happy_valley,124,11,4
happy_valley,126,14,4
happy_valley,128,18,4
happy_valley,130,11,4
happy_valley,132,14,4
happy_valley,134,13,4
happy_valley,136,13,4
happy_valley,138,11,4
happy_valley,140,15,4
happy_valley,142,17,4
happy_valley,144,14,4
happy_valley,146,11,4
happy_valley,148,13,4
happy_valley,150,15,4
happy_valley,152,13,4
happy_valley,154,16,4
happy_valley,156,14,4
happy_valley,158,12,4
happy_valley,160,17,4
happy_valley,162,10,4
happy_valley,164,10,4
happy_valley,166,15,4
happy_valley,168,16,4
happy_valley,170,10,4
happy_valley,172,16,4
happy_valley,174,13,4
happy_valley,176,16,4
happy_valley,178,7,4
happy_valley,180,19,4
happy_valley,182,14,4
happy_valley,184,16,4
happy_valley,186,10,4
happy_valley,188,12,4
happy_valley,190,11,4
happy_valley,192,13,4
happy_valley,194,13,4
happy_valley,196,15,4
happy_valley,198,22,4
pass_1,0,5,4
pass_1,2,3,4
pass_1,4,9,4
pass_1,6,6,4
pass_1,8,10,4
pass_1,10,3,4
pass_1,12,0,4
pass_1,14,2,4
pass_1,16,3,4
pass_1,18,2,4
pass_1,20,2,4
pass_1,22,1,4
pass_1,24,2,4
pass_1,26,5,4
pass_1,28,7,4
pass_1,30,12,4
pass_1,32,9,4
pass_1,34,10,4
pass_1,36,5,4
pass_1,38,11,4
pass_1,40,11,4
pass_1,42,12,4
pass_1,44,8,4
pass_1,46,9,4
pass_1,48,10,4
pass_1,50,17,4
pass_1,52,12,4
pass_1,54,17,4
pass_1,56,15,4
pass_1,58,14,4
pass_1,60,15,4
pass_1,62,15,4
pass_1,64,8,4
pass_1,66,5,4
pass_1,68,14,4
pass_1,70,18,4
pass_1,72,7,4
pass_1,74,15,4
pass_1,76,18,4
pass_1,78,10,4
pass_1,80,15,4
pass_1,82,14,4
pass_1,84,14,4
pass_1,86,12,4
pass_1,88,15,4
pass_1,90,8,4
pass_1,92,9,4
pass_1,94,12,4
pass_1,96,12,4
pass_1,98,16,4
pass_1,100,18,4
pass_1,102,17,4
pass_1,104,15,4
pass_1,106,12,4
pass_1,108,12,4
pass_1,110,14,4
pass_1,112,10,4
pass_1,114,11,4
pass_1,116,13,4
pass_1,118,12,4
pass_1,120,11,4
pass_1,122,12,4
pass_1,124,6,4
pass_1,126,5,4
pass_1,128,7,4
pass_1,130,8,4
pass_1,132,10,4
pass_1,134,6,4
pass_1,136,2,4
pass_1,138,2,4
pass_1,140,1,4
pass_1,142,2,4
pass_1,144,2,4
pass_1,146,5,4
pass_1,148,6,4
pass_1,150,8,4
pass_1,152,8,4
pass_1,154,10,4
pass_1,156,12,4
pass_1,158,6,4
pass_1,160,6,4
pass_1,162,7,4
pass_1,164,9,4
pass_1,166,13,4
pass_1,168,6,4
pass_1,170,15,4
pass_1,172,10,4
pass_1,174,14,4
pass_1,176,16,4
pass_1,178,12,4
pass_1,180,12,4
pass_1,182,7,4
pass_1,184,15,4
pass_1,186,18,4
pass_1,188,17,4
pass_1,190,19,4
pass_1,192,16,4
pass_20,194,9,4
pass_1,196,2,4
pass_1,198,3,4
pass_20,0,10,4
pass_20,2,7,4
pass_20,4,7,4
pass_20,6,4,4
pass_20,8,10,4
pass_20,10,8,4
pass_20,12,6,4
pass_20,14,4,4
pass_20,16,2,4
pass_20,18,7,4
pass_20,20,10,4
pass_20,22,14,4
pass_20,24,10,4
pass_20,26,9,4
pass_20,28,9,4
pass_20,30,5,4
pass_20,32,5,4
pass_20,34,3,4
pass_20,36,6,4
pass_20,38,0,4
pass_20,40,1,4
pass_20,42,8,4
pass_20,44,1,4
pass_20,46,0,4
pass_20,48,0,4
pass_20,50,7,4
pass_20,52,7,4
pass_20,54,7,4
pass_20,56,6,4
pass_20,58,1,4
pass_20,60,10,4
pass_20,62,3,4
pass_20,64,1,4
pass_20,66,16,4
pass_20,68,8,4
pass_20,70,6,4
pass_20,72,8,4
pass_20,74,13,4
pass_20,76,11,4
pass_20,78,5,4
pass_20,80,6,4
pass_20,82,4,4
pass_20,84,4,4
pass_20,86,6,4
pass_20,88,12,4
pass_20,90,9,4
pass_20,92,9,4
pass_20,94,14,4
pass_20,96,15,4
pass_20,98,12,4
pass_20,100,13,4
pass_20,102,17,4
pass_20,104,6,4
pass_20,106,5,4
pass_20,108,7,4
pass_20,110,13,4
pass_20,112,15,4
pass_20,114,4,4
pass_20,116,8,4
pass_20,118,4,4
pass_20,120,4,4
pass_20,122,1,4
pass_20,124,0,4
pass_20,126,0,4
pass_20,128,0,4
pass_20,130,0,4
pass_20,132,0,4
pass_20,134,7,4
pass_20,136,9,4
pass_20,138,8,4
pass_20,140,0,4
pass_20,142,0,4
pass_20,144,1,4
pass_20,146,3,4
pass_20,148,1,4
pass_20,150,8,4
pass_20,152,15,4
pass_20,154,14,4
pass_20,156,18,4
pass_20,158,13,4
pass_20,160,7,4
pass_20,162,7,4
pass_20,164,2,4
pass_20,166,0,4
pass_20,168,1,4
pass_20,170,0,4
pass_20,172,2,4
pass_20,174,1,4
pass_20,176,0,4
pass_20,178,1,4
pass_20,180,6,4
pass_20,182,6,4
pass_20,184,13,4
pass_20,186,9,4
pass_20,188,15,4
pass_20,190,10,4
pass_20,192,10,4
pass_20,194,1,4
pass_20,196,2,4
pass_20,198,7,4
toolik_pad_1,0,14,4
toolik_pad_1,2,10,4
toolik_pad_1,4,8,4
toolik_pad_1,6,10,4
toolik_pad_1,8,13,4
toolik_pad_1,10,9,4
toolik_pad_1,12,14,4
toolik_pad_1,14,12,4
toolik_pad_1,16,7,4
toolik_pad_1,18,11,4
toolik_pad_1,20,7,4
toolik_pad_1,22,11,4
toolik_pad_1,24,13,4
toolik_pad_1,26,7,4
toolik_pad_1,28,12,4
toolik_pad_1,30,4,4
toolik_pad_1,32,5,4
toolik_pad_1,34,6,4
toolik_pad_1,36,7,4
toolik_pad_1,38,13,4
toolik_pad_1,40,9,4
toolik_pad_1,42,12,4
toolik_pad_1,44,13,4
toolik_pad_1,46,12,4
toolik_pad_1,48,10,4
toolik_pad_1,50,13,4
toolik_pad_1,52,11,4
toolik_pad_1,54,12,4
toolik_pad_1,56,10,4
toolik_pad_1,58,12,4
toolik_pad_1,60,9,4
toolik_pad_1,62,9,4
toolik_pad_1,64,14,4
toolik_pad_1,66,10,4
toolik_pad_1,68,4,4
toolik_pad_1,70,10,4
toolik_pad_1,72,9,4
toolik_pad_1,74,9,4
toolik_pad_1,76,7,4
toolik_pad_1,78,4,4
toolik_pad_1,80,2,4
toolik_pad_1,82,3,4
toolik_pad_1,84,7,4
toolik_pad_1,86,7,4
toolik_pad_1,88,0,4
toolik_pad_1,90,4,4
toolik_pad_1,92,3,4
toolik_pad_1,94,0,4
toolik_pad_1,96,7,4
toolik_pad_1,98,8,4
toolik_pad_1,100,7,4
toolik_pad_1,102,9,4
toolik_pad_1,104,2,4
toolik_pad_1,106,7,4
toolik_pad_1,108,3,4
toolik_pad_1,110,7,4
toolik_pad_1,112,7,4
toolik_pad_1,114,3,4
toolik_pad_1,116,3,4
toolik_pad_1,118,5,4
toolik_pad_1,120,6,4
toolik_pad_1,122,8,4
toolik_pad_1,124,4,4
toolik_pad_1,126,5,4
toolik_pad_1,128,7,4
toolik_pad_1,130,8,4
toolik_pad_1,132,6,4
toolik_pad_1,134,5,4
toolik_pad_1,136,2,4
toolik_pad_1,138,8,4
toolik_pad_1,140,1,4
toolik_pad_1,142,0,4
toolik_pad_1,144,0,4
toolik_pad_1,146,1,4
toolik_pad_1,148,1,4
toolik_pad_1,150,1,4
toolik_pad_1,152,4,4
toolik_pad_1,154,6,4
toolik_pad_1,156,7,4
toolik_pad_1,158,6,4
toolik_pad_1,160,6,4
toolik_pad_1,162,3,4
toolik_pad_1,164,4,4
toolik_pad_1,166,9,4
toolik_pad_1,168,4,4
toolik_pad_1,170,8,4
toolik_pad_1,172,10,4
toolik_pad_1,174,9,4
toolik_pad_1,176,7,4
toolik_pad_1,178,7,4
toolik_pad_1,180,8,4
toolik_pad_1,182,8,4
toolik_pad_1,184,13,4
toolik_pad_1,186,13,4
toolik_pad_1,188,14,4
toolik_pad_1,190,9,4
toolik_pad_1,192,11,4
toolik_pad_1,194,13,4
toolik_pad_1,196,8,4
toolik_pad_1,198,16,4
dead_horse_20,0,0,4
dead_horse_20,2,0,4
dead_horse_20,4,0,4
dead_horse_20,6,0,4
dead_horse_20,8,0,4
dead_horse_20,10,0,4
dead_horse_20,12,0,4
dead_horse_20,14,0,4
dead_horse_20,16,1,4
dead_horse_20,18,0,4
dead_horse_20,20,0,4
dead_horse_20,22,0,4
dead_horse_20,24,1,4
dead_horse_20,26,0,4
dead_horse_20,28,3,4
dead_horse_20,30,2,4
dead_horse_20,32,0,4
dead_horse_20,34,0,4
dead_horse_20,36,1,4
dead_horse_20,38,1,4
dead_horse_20,40,2,4
dead_horse_20,42,0,4
dead_horse_20,44,0,4
dead_horse_20,46,0,4
dead_horse_20,48,0,4
dead_horse_20,50,0,4
dead_horse_20,52,1,4
dead_horse_20,54,0,4
dead_horse_20,56,2,4
dead_horse_20,58,0,4
dead_horse_20,60,0,4
dead_horse_20,62,0,4
dead_horse_20,64,0,4
dead_horse_20,66,0,4
dead_horse_20,68,0,4
dead_horse_20,70,0,4
dead_horse_20,72,0,4
dead_horse_20,74,0,4
dead_horse_20,76,0,4
dead_horse_20,78,0,4
dead_horse_20,80,0,4
dead_horse_20,82,0,4
dead_horse_20,84,0,4
dead_horse_20,86,2,4
dead_horse_20,88,2,4
dead_horse_20,90,0,4
dead_horse_20,92,0,4
dead_horse_20,94,0,4
dead_horse_20,96,0,4
dead_horse_20,98,3,4
dead_horse_20,100,0,4
dead_horse_20,102,0,4
dead_horse_20,104,0,4
dead_horse_20,106,0,4
dead_horse_20,108,0,4
dead_horse_20,110,0,4
dead_horse_20,112,2,4
dead_horse_20,114,0,4
dead_horse_20,116,0,4
dead_horse_20,118,0,4
dead_horse_20,120,0,4
dead_horse_20,122,0,4
dead_horse_20,124,0,4
dead_horse_20,126,0,4
dead_horse_20,128,0,4
dead_horse_20,130,0,4
dead_horse_20,132,0,4
dead_horse_20,134,1,4
dead_horse_20,136,0,4
dead_horse_20,138,0,4
dead_horse_20,140,0,4
dead_horse_20,142,0,4
dead_horse_20,144,0,4
dead_horse_20,146,1,4
dead_horse_20,148,4,4
dead_horse_20,150,0,4
dead_horse_20,152,1,4
dead_horse_20,154,3,4
dead_horse_20,156,0,4
dead_horse_20,158,0,4
dead_horse_20,160,0,4
dead_horse_20,162,1,4
dead_horse_20,164,0,4
dead_horse_20,166,0,4
dead_horse_20,168,0,4
dead_horse_20,170,0,4
dead_horse_20,172,4,4
dead_horse_20,174,3,4
dead_horse_20,176,0,4
dead_horse_20,178,0,4
dead_horse_20,180,0,4
dead_horse_20,182,0,4
dead_horse_20,184,0,4
dead_horse_20,186,0,4
dead_horse_20,188,0,4
dead_horse_20,190,2,4
dead_horse_20,192,1,4
dead_horse_20,194,8,4
dead_horse_20,196,3,4
dead_horse_20,198,0,4
dead_horse_35,0,0,4
dead_horse_35,2,1,4
dead_horse_35,4,1,4
dead_horse_35,6,2,4
dead_horse_35,8,3,4
dead_horse_35,10,0,4
dead_horse_35,12,3,4
dead_horse_35,14,5,4
dead_horse_35,16,1,4
dead_horse_35,18,1,4
dead_horse_35,20,1,4
dead_horse_35,22,1,4
dead_horse_35,24,1,4
dead_horse_35,26,1,4
dead_horse_35,28,0,4
dead_horse_35,30,0,4
dead_horse_35,32,0,4
dead_horse_35,34,0,4
dead_horse_35,36,0,4
dead_horse_35,38,0,4
dead_horse_35,40,1,4
dead_horse_35,42,17,4
dead_horse_35,44,15,4
dead_horse_35,46,10,4
dead_horse_35,48,1,4
dead_horse_35,50,6,4
dead_horse_35,52,13,4
dead_horse_35,54,17,4
dead_horse_35,56,12,4
dead_horse_35,58,2,4
dead_horse_35,60,0,4
dead_horse_35,62,2,4
dead_horse_35,64,0,4
dead_horse_35,66,3,4
dead_horse_35,68,0,4
dead_horse_35,70,1,4
dead_horse_35,72,0,4
dead_horse_35,74,2,4
dead_horse_35,76,1,4
dead_horse_35,78,2,4
dead_horse_35,80,1,4
dead_horse_35,82,0,4
dead_horse_35,84,0,4
dead_horse_35,86,3,4
dead_horse_35,88,3,4
dead_horse_35,90,0,4
dead_horse_35,92,0,4
dead_horse_35,94,2,4
dead_horse_35,96,0,4
dead_horse_35,98,0,4
dead_horse_35,100,1,4
dead_horse_35,102,1,4
dead_horse_35,104,0,4
dead_horse_35,106,3,4
dead_horse_35,108,0,4
dead_horse_35,110,2,4
dead_horse_35,112,0,4
dead_horse_35,114,0,4
dead_horse_35,116,0,4
dead_horse_35,118,0,4
dead_horse_35,120,0,4
dead_horse_35,122,0,4
dead_horse_35,124,0,4
dead_horse_35,126,0,4
dead_horse_35,128,0,4
dead_horse_35,130,0,4
dead_horse_35,132,0,4
dead_horse_35,134,0,4
dead_horse_35,136,0,4
dead_horse_35,138,0,4
dead_horse_35,140,1,4
dead_horse_35,142,0,4
dead_horse_35,144,0,4
dead_horse_35,146,0,4
dead_horse_35,148,2,4
dead_horse_35,150,0,4
dead_horse_35,152,0,4
dead_horse_35,154,3,4
dead_horse_35,156,0,4
dead_horse_35,158,1,4
dead_horse_35,160,0,4
dead_horse_35,162,1,4
dead_horse_35,164,0,4
dead_horse_35,166,1,4
dead_horse_35,168,0,4
dead_horse_35,170,7,4
dead_horse_35,172,4,4
dead_horse_35,174,5,4
dead_horse_35,176,7,4
dead_horse_35,178,6,4
dead_horse_35,180,6,4
dead_horse_35,182,7,4
dead_horse_35,184,7,4
dead_horse_35,186,6,4
dead_horse_35,188,9,4
dead_horse_35,190,14,4
dead_horse_35,192,6,4
dead_horse_35,194,1,4
dead_horse_35,196,3,4
dead_horse_35,198,3,4
dead_horse_10,0,0,4
dead_horse_10,2,8,4
dead_horse_10,4,2,4
dead_horse_10,6,1,4
dead_horse_10,8,1,4
dead_horse_10,10,3,4
dead_horse_10,12,4,4
dead_horse_10,14,9,4
dead_horse_10,16,5,4
dead_horse_10,18,2,4
dead_horse_10,20,5,4
dead_horse_10,22,10,4
dead_horse_10,24,17,4
dead_horse_10,26,13,4
dead_horse_10,28,6,4
dead_horse_10,30,17,4
dead_horse_10,32,9,4
dead_horse_10,34,14,4
dead_horse_10,36,12,4
dead_horse_10,38,6,4
dead_horse_10,40,8,4
dead_horse_10,42,9,4
dead_horse_10,44,8,4
dead_horse_10,46,11,4
dead_horse_10,48,3,4
dead_horse_10,50,4,4
dead_horse_10,52,4,4
dead_horse_10,54,7,4
dead_horse_10,56,4,4
dead_horse_10,58,4,4
dead_horse_10,60,3,4
dead_horse_10,62,0,4
dead_horse_10,64,0,4
dead_horse_10,66,0,4
dead_horse_10,68,0,4
dead_horse_10,70,0,4
dead_horse_10,72,0,4
dead_horse_10,74,0,4
dead_horse_10,76,0,4
dead_horse_10,78,0,4
dead_horse_10,80,0,4
dead_horse_10,82,0,4
dead_horse_10,84,2,4
dead_horse_10,86,1,4
dead_horse_10,88,0,4
dead_horse_10,90,0,4
dead_horse_10,92,3,4
dead_horse_10,94,3,4
dead_horse_10,96,3,4
dead_horse_10,98,4,4
dead_horse_10,100,3,4
dead_horse_10,102,3,4
dead_horse_10,104,6,4
dead_horse_10,106,8,4
dead_horse_10,108,9,4
dead_horse_10,110,1,4
dead_horse_10,112,0,4
dead_horse_10,114,3,4
dead_horse_10,116,2,4
dead_horse_10,118,2,4
dead_horse_10,120,3,4
dead_horse_10,122,2,4
dead_horse_10,124,0,4
dead_horse_10,126,2,4
dead_horse_10,128,12,4
dead_horse_10,130,6,4
dead_horse_10,132,10,4
dead_horse_10,134,3,4
dead_horse_10,136,2,4
dead_horse_10,138,0,4
dead_horse_10,140,0,4
dead_horse_10,142,2,4
dead_horse_10,144,2,4
dead_horse_10,146,1,4
dead_horse_10,148,1,4
dead_horse_10,150,0,4
dead_horse_10,152,0,4
dead_horse_10,154,0,4
dead_horse_10,156,0,4
dead_horse_10,158,0,4
dead_horse_10,160,2,4
dead_horse_10,162,2,4
dead_horse_10,164,5,4
dead_horse_10,166,8,4
dead_horse_10,168,18,4
dead_horse_10,170,10,4
dead_horse_10,172,6,4
dead_horse_10,174,2,4
dead_horse_10,176,1,4
dead_horse_10,178,0,4
dead_horse_10,180,0,4
dead_horse_10,182,0,4
dead_horse_10,184,0,4
dead_horse_10,186,0,4
dead_horse_10,188,1,4
dead_horse_10,190,0,4
dead_horse_10,192,0,4
dead_horse_10,194,0,4
dead_horse_10,196,5,4
dead_horse_10,198,3,4
here_12,0,20,4
here_12,2,21,4
here_12,4,27,4
here_12,6,18,4
here_12,8,26,4
here_12,10,20,4
here_12,12,27,4
here_12,14,24,4
here_12,16,25,4
here_12,18,29,4
here_12,20,28,4
here_12,22,26,4
here_12,24,22,4
here_12,26,25,4
here_12,28,25,4
here_12,30,30,4
here_12,32,22,4
here_12,34,23,4
here_12,36,28,4
here_12,38,16,4
here_12,40,19,4
here_12,42,27,4
here_12,44,25,4
here_12,46,26,4
here_12,48,22,4
here_12,50,23,4
here_12,52,19,4
here_12,54,18,4
here_12,56,25,4
here_12,58,33,4
here_12,60,28,4
here_12,62,28,4
here_12,64,31,4
here_12,66,21,4
here_12,68,22,4
here_12,70,26,4
here_12,72,25,4
here_12,74,26,4
here_12,76,25,4
here_12,78,22,4
here_12,80,28,4
here_12,82,19,4
here_12,84,27,4
here_12,86,30,4
here_12,88,28,4
here_12,90,25,4
here_12,92,18,4
here_12,94,23,4
here_12,96,28,4
here_12,98,27,4
here_12,100,25,4
here_12,102,27,4
here_12,104,23,4
here_12,106,19,4
here_12,108,18,4
here_12,110,19,4
here_12,112,12,4
here_12,114,8,4
here_12,116,12,4
here_12,118,18,4
here_12,120,18,4
here_12,122,22,4
here_12,124,24,4
here_12,126,19,4
here_12,128,16,4
here_12,130,18,4
here_12,132,14,4
here_12,134,16,4
here_12,136,10,4
here_12,138,18,4
here_12,140,12,4
here_12,142,17,4
here_12,144,21,4
here_12,146,19,4
here_12,148,17,4
here_12,150,9,4
here_12,152,14,4
here_12,154,16,4
here_12,156,22,4
here_12,158,18,4
here_12,160,22,4
here_12,162,20,4
here_12,164,18,4
here_12,166,18,4
here_12,168,17,4
here_12,170,24,4
here_12,172,18,4
here_12,174,13,4
here_12,176,17,4
here_12,178,15,4
here_12,180,18,4
here_12,182,16,4
here_12,184,17,4
here_12,186,22,4
here_12,188,21,4
here_12,190,18,4
here_12,192,16,4
here_12,194,20,4
here_12,196,24,4
here_12,198,19,4
here_6,0,0,4
here_6,2,0,4
here_6,4,0,4
here_6,6,0,4
here_6,8,0,4
here_6,10,0,4
here_6,12,0,4
here_6,14,0,4
here_6,16,0,4
here_6,18,0,4
here_6,20,0,4
here_6,22,0,4
here_6,24,0,4
here_6,26,0,4
here_6,28,0,4
here_6,30,0,4
here_6,32,0,4
here_6,34,0,4
here_6,36,0,4
here_6,38,0,4
here_6,40,0,4
here_6,42,0,4
here_6,44,0,4
here_6,46,0,4
here_6,48,0,4
here_6,50,2,4
here_6,52,6,4
here_6,54,8,4
here_6,56,7,4
here_6,58,9,4
here_6,60,10,4
here_6,62,12,4
here_6,64,17,4
here_6,66,13,4
here_6,68,17,4
here_6,70,23,4
here_6,72,24,4
here_6,74,18,4
here_6,76,20,4
here_6,78,19,4
here_6,80,18,4
here_6,82,21,4
here_6,84,16,4
here_6,86,25,4
here_6,88,17,4
here_6,90,30,4
here_6,92,27,4
here_6,94,24,4
here_6,96,23,4
here_6,98,20,4
here_6,100,17,4
here_6,102,21,4
here_6,104,29,4
here_6,106,18,4
here_6,108,20,4
here_6,110,20,4
here_6,112,24,4
here_6,114,25,4
here_6,116,21,4
here_6,118,20,4
here_6,120,16,4
here_6,122,18,4
here_6,124,17,4
here_6,126,12,4
here_6,128,12,4
here_6,130,1,4
here_6,132,2,4
here_6,134,0,4
here_6,136,9,4
here_6,138,4,4
here_6,140,4,4
here_6,142,0,4
here_6,144,0,4
here_6,146,3,4
here_6,148,6,4
here_6,150,1,4
here_6,152,0,4
here_6,154,3,4
here_6,156,12,4
here_6,158,13,4
here_6,160,14,4
here_6,162,12,4
here_6,164,16,4
here_6,166,18,4
here_6,168,19,4
here_6,170,16,4
here_6,172,25,4
here_6,174,13,4
here_6,176,12,4
here_6,178,21,4
here_6,180,5,4
here_6,182,8,4
here_6,184,3,4
here_6,186,0,4
here_6,188,4,4
here_6,190,3,4
here_6,192,2,4
here_6,194,3,4
here_6,196,2,4
here_6,198,2,4
here_5,0,4,4
here_5,2,8,4
here_5,4,12,4
here_5,6,22,4
here_5,8,14,4
here_5,10,11,4
here_5,12,11,4
here_5,14,10,4
here_5,16,19,4
here_5,18,8,4
here_5,20,2,4
here_5,22,0,4
here_5,24,0,4
here_5,26,0,4
here_5,28,0,4
here_5,30,0,4
here_5,32,0,4
here_5,34,0,4
here_5,36,0,4
here_5,38,2,4
here_5,40,4,4
here_5,42,2,4
here_5,44,0,4
here_5,46,5,4
here_5,48,8,4
here_5,50,1,4
here_5,52,2,4
here_5,54,0,4
here_5,56,3,4
here_5,58,0,4
here_5,60,3,4
here_5,62,4,4
here_5,64,4,4
here_5,66,3,4
here_5,68,3,4
here_5,70,2,4
here_5,72,3,4
here_5,74,4,4
here_5,76,2,4
here_5,78,7,4
here_5,80,3,4
here_5,82,4,4
here_5,84,4,4
here_5,86,5,4
here_5,88,2,4
here_5,90,1,4
here_5,92,1,4
here_5,94,2,4
here_5,96,2,4
here_5,98,0,4
here_5,100,0,4
here_5,102,0,4
here_5,104,1,4
here_5,106,0,4
here_5,108,4,4
here_5,110,4,4
here_5,112,1,4
here_5,114,1,4
here_5,116,3,4
here_5,118,7,4
here_5,120,2,4
here_5,122,3,4
here_5,124,3,4
here_5,126,0,4
here_5,128,1,4
here_5,130,2,4
here_5,132,0,4
here_5,134,0,4
here_5,136,0,4
here_5,138,0,4
here_5,140,4,4
here_5,142,6,4
here_5,144,3,4
here_5,146,1,4
here_5,148,0,4
here_5,150,0,4
here_5,152,0,4
here_5,154,2,4
here_5,156,4,4
here_5,158,0,4
here_5,160,0,4
here_5,162,0,4
here_5,164,0,4
here_5,166,0,4
here_5,168,0,4
here_5,170,0,4
here_5,172,0,4
here_5,174,0,4
here_5,176,0,4
here_5,178,0,4
here_5,180,0,4
here_5,182,0,4
here_5,184,0,4
here_5,186,0,4
here_5,188,4,4
here_5,190,1,4
here_5,192,0,4
here_5,194,0,4
here_5,196,0,4
here_5,198,0,4
8_19_1,0,5,4
8_19_1,2,2,4
8_19_1,4,9,4
8_19_1,6,3,4
8_19_1,8,2,4
8_19_1,10,1,4
8_19_1,12,0,4
8_19_1,14,8,4
8_19_1,16,5,4
8_19_1,18,3,4
8_19_1,20,1,4
8_19_1,22,2,4
8_19_1,24,0,4
8_19_1,26,2,4
8_19_1,28,0,4
8_19_1,30,1,4
8_19_1,32,1,4
8_19_1,34,3,4
8_19_1,36,2,4
8_19_1,38,5,4
8_19_1,40,0,4
8_19_1,42,0,4
8_19_1,44,0,4
8_19_1,46,5,4
8_19_1,48,4,4
8_19_1,50,0,4
8_19_1,52,0,4
8_19_1,54,1,4
8_19_1,56,0,4
8_19_1,58,2,4
8_19_1,60,0,4
8_19_1,62,2,4
8_19_1,64,1,4
8_19_1,66,0,4
8_19_1,68,2,4
8_19_1,70,2,4
8_19_1,72,1,4
8_19_1,74,1,4
8_19_1,76,3,4
8_19_1,78,0,4
8_19_1,80,0,4
8_19_1,82,0,4
8_19_1,84,0,4
8_19_1,86,0,4
8_19_1,88,3,4
8_19_1,90,0,4
8_19_1,92,0,4
8_19_1,94,0,4
8_19_1,96,0,4
8_19_1,98,0,4
8_19_1,100,0,4
8_19_1,102,0,4
8_19_1,104,3,4
8_19_1,106,1,4
8_19_1,108,0,4
8_19_1,110,2,4
8_19_1,112,0,4
8_19_1,114,1,4
8_19_1,116,0,4
8_19_1,118,3,4
8_19_1,120,0,4
8_19_1,122,1,4
8_19_1,124,4,4
8_19_1,126,0,4
8_19_1,128,0,4
8_19_1,130,0,4
8_19_1,132,0,4
8_19_1,134,1,4
8_19_1,136,0,4
8_19_1,138,1,4
8_19_1,140,2,4
8_19_1,142,2,4
8_19_1,144,1,4
8_19_1,146,0,4
8_19_1,148,0,4
8_19_1,150,2,4
8_19_1,152,1,4
8_19_1,154,1,4
8_19_1,156,0,4
8_19_1,158,0,4
8_19_1,160,7,4
8_19_1,162,9,4
8_19_1,164,2,4
8_19_1,166,1,4
8_19_1,168,3,4
8_19_1,170,1,4
8_19_1,172,1,4
8_19_1,174,1,4
8_19_1,176,0,4
8_19_1,178,0,4
8_19_1,180,0,4
8_19_1,182,1,4
8_19_1,184,0,4
8_19_1,186,0,4
8_19_1,188,0,4
8_19_1,190,0,4
8_19_1,192,0,4
8_19_1,194,1,4
8_19_1,196,1,4
8_19_1,198,0,4
8_20_1,0,2,4
8_20_1,2,2,4
8_20_1,4,6,4
8_20_1,6,8,4
8_20_1,8,2,4
8_20_1,10,1,4
8_20_1,12,4,4
8_20_1,14,2,4
8_20_1,16,1,4
8_20_1,18,1,4
8_20_1,20,1,4
8_20_1,22,0,4
8_20_1,24,0,4
8_20_1,26,0,4
8_20_1,28,1,4
8_20_1,30,2,4
8_20_1,32,2,4
8_20_1,34,1,4
8_20_1,36,0,4
8_20_1,38,0,4
8_20_1,40,0,4
8_20_1,42,0,4
8_20_1,44,0,4
8_20_1,46,1,4
8_20_1,48,0,4
8_20_1,50,0,4
8_20_1,52,1,4
8_20_1,54,0,4
8_20_1,56,1,4
8_20_1,58,0,4
8_20_1,60,0,4
8_20_1,62,0,4
8_20_1,64,0,4
8_20_1,66,2,4
8_20_1,68,0,4
8_20_1,70,2,4
8_20_1,72,0,4
8_20_1,74,3,4
8_20_1,76,0,4
8_20_1,78,0,4
8_20_1,80,0,4
8_20_1,82,2,4
8_20_1,84,1,4
8_20_1,86,0,4
8_20_1,88,1,4
8_20_1,90,2,4
8_20_1,92,1,4
8_20_1,94,0,4
8_20_1,96,0,4
8_20_1,98,0,4
8_20_1,100,2,4
8_20_1,102,0,4
8_20_1,104,2,4
8_20_1,106,8,4
8_20_1,108,0,4
8_20_1,110,3,4
8_20_1,112,1,4
8_20_1,114,0,4
8_20_1,116,2,4
8_20_1,118,0,4
8_20_1,120,1,4
8_20_1,122,5,4
8_20_1,124,0,4
8_20_1,126,0,4
8_20_1,128,0,4
8_20_1,130,0,4
8_20_1,132,1,4
8_20_1,134,0,4
8_20_1,136,2,4
8_20_1,138,14,4
8_20_1,140,2,4
8_20_1,142,1,4
8_20_1,144,7,4
8_20_1,146,6,4
8_20_1,148,9,4
8_20_1,150,1,4
8_20_1,152,1,4
8_20_1,154,3,4
8_20_1,156,0,4
8_20_1,158,2,4
8_20_1,160,1,4
8_20_1,162,2,4
8_20_1,164,0,4
8_20_1,166,0,4
8_20_1,168,0,4
8_20_1,170,0,4
8_20_1,172,0,4
8_20_1,174,0,4
8_20_1,176,0,4
8_20_1,178,0,4
8_20_1,180,0,4
8_20_1,182,0,4
8_20_1,184,0,4
8_20_1,186,0,4
8_20_1,188,0,4
8_20_1,190,0,4
8_20_1,192,0,4
8_20_1,194,0,4
8_20_1,196,0,4
8_20_1,198,0,4
8_22_1,0,0,4
8_22_1,2,0,4
8_22_1,4,9,4
8_22_1,6,1,4
8_22_1,8,4,4
8_22_1,10,5,4
8_22_1,12,0,4
8_22_1,14,0,4
8_22_1,16,0,4
8_22_1,18,0,4
8_22_1,20,0,4
8_22_1,22,0,4
8_22_1,24,0,4
8_22_1,26,0,4
8_22_1,28,0,4
8_22_1,30,0,4
8_22_1,32,0,4
8_22_1,34,0,4
8_22_1,36,0,4
8_22_1,38,0,4
8_22_1,40,0,4
8_22_1,42,0,4
8_22_1,44,0,4
8_22_1,46,0,4
8_22_1,48,0,4
8_22_1,50,0,4
8_22_1,52,0,4
8_22_1,54,0,4
8_22_1,56,0,4
8_22_1,58,0,4
8_22_1,60,0,4
8_22_1,62,0,4
8_22_1,64,4,4
8_22_1,66,1,4
8_22_1,68,0,4
8_22_1,70,0,4
8_22_1,72,0,4
8_22_1,74,0,4
8_22_1,76,0,4
8_22_1,78,0,4
8_22_1,80,0,4
8_22_1,82,0,4
8_22_1,84,0,4
8_22_1,86,0,4
8_22_1,88,0,4
8_22_1,90,0,4
8_22_1,92,0,4
8_22_1,94,0,4
8_22_1,96,0,4
8_22_1,98,0,4
8_22_1,100,0,4
8_22_1,102,0,4
8_22_1,104,1,4
8_22_1,106,4,4
8_22_1,108,0,4
8_22_1,110,0,4
8_22_1,112,0,4
8_22_1,114,0,4
8_22_1,116,0,4
8_22_1,118,0,4
8_22_1,120,0,4
8_22_1,122,0,4
8_22_1,124,0,4
8_22_1,126,0,4
8_22_1,128,0,4
8_22_1,130,0,4
8_22_1,132,0,4
8_22_1,134,0,4
8_22_1,136,0,4
8_22_1,138,0,4
8_22_1,140,0,4
8_22_1,142,0,4
8_22_1,144,0,4
8_22_1,146,0,4
8_22_1,148,0,4
8_22_1,150,0,4
8_22_1,152,0,4
8_22_1,154,0,4
8_22_1,156,0,4
8_22_1,158,0,4
8_22_1,160,0,4
8_22_1,162,0,4
8_22_1,164,0,4
8_22_1,166,0,4
8_22_1,168,0,4
8_22_1,170,0,4
8_22_1,172,0,4
8_22_1,174,0,4
8_22_1,176,0,4
8_22_1,178,0,4
8_22_1,180,0,4
8_22_1,182,0,4
8_22_1,184,0,4
8_22_1,186,0,4
8_22_1,188,0,4
8_22_1,190,0,4
8_22_1,192,0,4
8_22_1,194,0,4
8_22_1,196,0,4
8_22_1,198,0,4
8_22_2,0,0,4
8_22_2,2,0,4
8_22_2,4,0,4
8_22_2,6,0,4
8_22_2,8,0,4
8_22_2,10,0,4
8_22_2,12,0,4
8_22_2,14,0,4
8_22_2,16,0,4
8_22_2,18,0,4
8_22_2,20,1,4
8_22_2,22,0,4
8_22_2,24,0,4
8_22_2,26,0,4
8_22_2,28,1,4
8_22_2,30,0,4
8_22_2,32,0,4
8_22_2,34,0,4
8_22_2,36,0,4
8_22_2,38,0,4
8_22_2,40,0,4
8_22_2,42,0,4
8_22_2,44,0,4
8_22_2,46,0,4
8_22_2,48,0,4
8_22_2,50,0,4
8_22_2,52,0,4
8_22_2,54,0,4
8_22_2,56,0,4
8_22_2,58,0,4
8_22_2,60,0,4
8_22_2,62,0,4
8_22_2,64,0,4
8_22_2,66,0,4
8_22_2,68,0,4
8_22_2,70,0,4
8_22_2,72,0,4
8_22_2,74,0,4
8_22_2,76,0,4
8_22_2,78,0,4
8_22_2,80,0,4
8_22_2,82,0,4
8_22_2,84,0,4
8_22_2,86,0,4
8_22_2,88,0,4
8_22_2,90,0,4
8_22_2,92,0,4
8_22_2,94,0,4
8_22_2,96,0,4
8_22_2,98,0,4
8_22_2,100,0,4
8_22_2,102,0,4
8_22_2,104,0,4
8_22_2,106,0,4
8_22_2,108,0,4
8_22_2,110,0,4
8_22_2,112,0,4
8_22_2,114,0,4
8_22_2,116,0,4
8_22_2,118,0,4
8_22_2,120,0,4
8_22_2,122,0,4
8_22_2,124,0,4
8_22_2,126,0,4
8_22_2,128,0,4
8_22_2,130,0,4
8_22_2,132,0,4
8_22_2,134,0,4
8_22_2,136,0,4
8_22_2,138,0,4
8_22_2,140,4,4
8_22_2,142,12,4
8_22_2,144,15,4
8_22_2,146,3,4
8_22_2,148,1,4
8_22_2,150,2,4
8_22_2,152,0,4
8_22_2,154,0,4
8_22_2,156,1,4
8_22_2,158,1,4
8_22_2,160,8,4
8_22_2,162,7,4
8_22_2,164,2,4
8_22_2,166,0,4
8_22_2,168,0,4
8_22_2,170,0,4
8_22_2,172,0,4
8_22_2,174,0,4
8_22_2,176,0,4
8_22_2,178,0,4
8_22_2,180,0,4
8_22_2,182,0,4
8_22_2,184,0,4
8_22_2,186,0,4
8_22_2,188,0,4
8_22_2,190,0,4
8_22_2,192,1,4
8_22_2,194,0,4
8_22_2,196,0,4
8_22_2,198,4,4
oil_spill_hill_14,0,24,4
oil_spill_hill_14,2,23,4
oil_spill_hill_14,4,23,4
oil_spill_hill_14,6,16,4
oil_spill_hill_14,8,14,4
oil_spill_hill_14,10,19,4
oil_spill_hill_14,12,12,4
oil_spill_hill_14,14,21,4
oil_spill_hill_14,16,16,4
oil_spill_hill_14,18,16,4
oil_spill_hill_14,20,17,4
oil_spill_hill_14,22,22,4
oil_spill_hill_14,24,22,4
oil_spill_hill_14,26,21,4
oil_spill_hill_14,28,19,4
oil_spill_hill_14,30,23,4
oil_spill_hill_14,32,18,4
oil_spill_hill_14,34,18,4
oil_spill_hill_14,36,15,4
oil_spill_hill_14,38,17,4
oil_spill_hill_14,40,16,4
oil_spill_hill_14,42,17,4
oil_spill_hill_14,44,14,4
oil_spill_hill_14,46,12,4
oil_spill_hill_14,48,14,4
oil_spill_hill_14,50,8,4
oil_spill_hill_14,52,13,4
oil_spill_hill_14,54,12,4
oil_spill_hill_14,56,14,4
oil_spill_hill_14,58,18,4
oil_spill_hill_14,60,15,4
oil_spill_hill_14,62,16,4
oil_spill_hill_14,64,13,4
oil_spill_hill_14,66,15,4
oil_spill_hill_14,68,15,4
oil_spill_hill_14,70,17,4
oil_spill_hill_14,72,19,4
oil_spill_hill_14,74,17,4
oil_spill_hill_14,76,15,4
oil_spill_hill_14,78,17,4
oil_spill_hill_14,80,18,4
oil_spill_hill_14,82,19,4
oil_spill_hill_14,84,18,4
oil_spill_hill_14,86,22,4
oil_spill_hill_14,88,20,4
oil_spill_hill_14,90,23,4
oil_spill_hill_14,92,13,4
oil_spill_hill_14,94,29,4
oil_spill_hill_14,96,21,4
oil_spill_hill_14,98,20,4
oil_spill_hill_14,100,20,4
oil_spill_hill_14,102,21,4
oil_spill_hill_14,104,20,4
oil_spill_hill_14,106,24,4
oil_spill_hill_14,108,25,4
oil_spill_hill_14,110,21,4
oil_spill_hill_14,112,11,4
oil_spill_hill_14,114,15,4
oil_spill_hill_14,116,22,4
oil_spill_hill_14,118,19,4
oil_spill_hill_14,120,15,4
oil_spill_hill_14,122,16,4
oil_spill_hill_14,124,17,4
oil_spill_hill_14,126,15,4
oil_spill_hill_14,128,23,4
oil_spill_hill_14,130,16,4
oil_spill_hill_14,132,14,4
oil_spill_hill_14,134,19,4
oil_spill_hill_14,136,17,4
oil_spill_hill_14,138,15,4
oil_spill_hill_14,140,14,4
oil_spill_hill_14,142,18,4
oil_spill_hill_14,144,18,4
oil_spill_hill_14,146,14,4
oil_spill_hill_14,148,18,4
oil_spill_hill_14,150,18,4
oil_spill_hill_14,152,21,4
oil_spill_hill_14,154,17,4
oil_spill_hill_14,156,18,4
oil_spill_hill_14,158,16,4
oil_spill_hill_14,160,20,4
oil_spill_hill_14,162,11,4
oil_spill_hill_14,164,14,4
oil_spill_hill_14,166,22,4
oil_spill_hill_14,168,21,4
oil_spill_hill_14,170,22,4
oil_spill_hill_14,172,24,4
oil_spill_hill_14,174,19,4
oil_spill_hill_14,176,16,4
oil_spill_hill_14,178,15,4
oil_spill_hill_14,180,15,4
oil_spill_hill_14,182,12,4
oil_spill_hill_14,184,18,4
oil_spill_hill_14,186,20,4
oil_spill_hill_14,188,14,4
oil_spill_hill_14,190,15,4
oil_spill_hill_14,192,16,4
oil_spill_hill_14,194,15,4
oil_spill_hill_14,196,17,4
oil_spill_hill_14,198,20,4
pump_station_7,0,15,4
pump_station_7,2,21,4
pump_station_7,4,17,4
pump_station_7,6,17,4
pump_station_7,8,14,4
pump_station_7,10,17,4
pump_station_7,12,18,4
pump_station_7,14,20,4
pump_station_7,16,10,4
pump_station_7,18,17,4
pump_station_7,20,15,4
pump_station_7,22,13,4
pump_station_7,24,15,4
pump_station_7,26,18,4
pump_station_7,28,16,4
pump_station_7,30,12,4
pump_station_7,32,16,4
pump_station_7,34,13,4
pump_station_7,36,19,4
pump_station_7,38,21,4
pump_station_7,40,15,4
pump_station_7,42,13,4
pump_station_7,44,18,4
pump_station_7,46,22,4
pump_station_7,48,15,4
pump_station_7,50,19,4
pump_station_7,52,14,4
pump_station_7,54,17,4
pump_station_7,56,21,4
pump_station_7,58,12,4
pump_station_7,60,14,4
pump_station_7,62,16,4
pump_station_7,64,14,4
pump_station_7,66,14,4
pump_station_7,68,20,4
pump_station_7,70,12,4
pump_station_7,72,15,4
pump_station_7,74,14,4
pump_station_7,76,13,4
pump_station_7,78,16,4
pump_station_7,80,15,4
pump_station_7,82,13,4
pump_station_7,84,8,4
pump_station_7,86,13,4
pump_station_7,88,15,4
pump_station_7,90,15,4
pump_station_7,92,18,4
pump_station_7,94,20,4
pump_station_7,96,23,4
pump_station_7,98,24,4
pump_station_7,100,13,4
pump_station_7,102,23,4
pump_station_7,104,18,4
pump_station_7,106,16,4
pump_station_7,108,23,4
pump_station_7,110,19,4
pump_station_7,112,26,4
pump_station_7,114,20,4
pump_station_7,116,23,4
pump_station_7,118,23,4
pump_station_7,120,15,4
pump_station_7,122,16,4
pump_station_7,124,20,4
pump_station_7,126,16,4
pump_station_7,128,19,4
pump_station_7,130,19,4
pump_station_7,132,29,4
pump_station_7,134,23,4
pump_station_7,136,24,4
pump_station_7,138,20,4
pump_station_7,140,12,4
pump_station_7,142,20,4
pump_station_7,144,18,4
pump_station_7,146,13,4
pump_station_7,148,19,4
pump_station_7,150,17,4
pump_station_7,152,27,4
pump_station_7,154,24,4
pump_station_7,156,23,4
pump_station_7,158,17,4
pump_station_7,160,15,4
pump_station_7,162,18,4
pump_station_7,164,21,4
pump_station_7,166,20,4
pump_station_7,168,17,4
pump_station_7,170,22,4
pump_station_7,172,15,4
pump_station_7,174,24,4
pump_station_7,176,15,4
pump_station_7,178,25,4
pump_station_7,180,15,4
pump_station_7,182,19,4
pump_station_7,184,22,4
pump_station_7,186,23,4
pump_station_7,188,18,4
pump_station_7,190,21,4
pump_station_7,192,15,4
pump_station_7,194,18,4
pump_station_7,196,20,4
pump_station_7,198,19,4
happy_valley_21,0,11,4
happy_valley_21,2,11,4
happy_valley_21,4,12,4
happy_valley_21,6,11,4
happy_valley_21,8,14,4
happy_valley_21,10,12,4
happy_valley_21,12,10,4
happy_valley_21,14,9,4
happy_valley_21,16,8,4
happy_valley_21,18,14,4
happy_valley_21,20,11,4
happy_valley_21,22,12,4
happy_valley_21,24,14,4
happy_valley_21,26,16,4
happy_valley_21,28,10,4
happy_valley_21,30,12,4
happy_valley_21,32,11,4
happy_valley_21,34,11,4
happy_valley_21,36,10,4
happy_valley_21,38,12,4
happy_valley_21,40,11,4
happy_valley_21,42,13,4
happy_valley_21,44,16,4
happy_valley_21,46,14,4
happy_valley_21,48,9,4
happy_valley_21,50,10,4
happy_valley_21,52,11,4
happy_valley_21,54,11,4
happy_valley_21,56,9,4
happy_valley_21,58,13,4
happy_valley_21,60,12,4
happy_valley_21,62,13,4
happy_valley_21,64,9,4
happy_valley_21,66,14,4
happy_valley_21,68,11,4
happy_valley_21,70,12,4
happy_valley_21,72,14,4
happy_valley_21,74,14,4
happy_valley_21,76,11,4
happy_valley_21,78,12,4
happy_valley_21,80,13,4
happy_valley_21,82,10,4
happy_valley_21,84,11,4
happy_valley_21,86,15,4
happy_valley_21,88,12,4
happy_valley_21,90,14,4
happy_valley_21,92,16,4
happy_valley_21,94,12,4
happy_valley_21,96,12,4
happy_valley_21,98,17,4
happy_valley_21,100,8,4
happy_valley_21,102,13,4
happy_valley_21,104,9,4
happy_valley_21,106,14,4
happy_valley_21,108,11,4
happy_valley_21,110,13,4
happy_valley_21,112,13,4
happy_valley_21,114,13,4
happy_valley_21,116,15,4
happy_valley_21,118,14,4
happy_valley_21,120,13,4
happy_valley_21,122,13,4
happy_valley_21,124,11,4
happy_valley_21,126,12,4
happy_valley_21,128,14,4
happy_valley_21,130,15,4
happy_valley_21,132,17,4
happy_valley_21,134,15,4
happy_valley_21,136,15,4
happy_valley_21,138,14,4
happy_valley_21,140,15,4
happy_valley_21,142,15,4
happy_valley_21,144,18,4
happy_valley_21,146,21,4
happy_valley_21,148,16,4
happy_valley_21,150,15,4
happy_valley_21,152,11,4
happy_valley_21,154,20,4
happy_valley_21,156,18,4
happy_valley_21,158,15,4
happy_valley_21,160,13,4
happy_valley_21,162,8,4
happy_valley_21,164,11,4
happy_valley_21,166,16,4
happy_valley_21,168,17,4
happy_valley_21,170,20,4
happy_valley_21,172,14,4
happy_valley_21,174,16,4
happy_valley_21,176,12,4
happy_valley_21,178,15,4
happy_valley_21,180,17,4
happy_valley_21,182,16,4
happy_valley_21,184,14,4
happy_valley_21,186,16,4
happy_valley_21,188,10,4
happy_valley_21,190,14,4
happy_valley_21,192,11,4
happy_valley_21,194,16,4
happy_valley_21,196,13,4
happy_valley_21,198,13,4
pump_station,0,6,4
pump_station,2,6,4
pump_station,4,8,4
pump_station,6,12,4
pump_station,8,8,4
pump_station,10,9,4
pump_station,12,8,4
pump_station,14,3,4
pump_station,16,3,4
pump_station,18,6,4
pump_station,20,4,4
pump_station,22,6,4
pump_station,24,6,4
pump_station,26,5,4
pump_station,28,11,4
pump_station,30,8,4
pump_station,32,3,4
pump_station,34,9,4
pump_station,36,9,4
pump_station,38,8,4
pump_station,40,8,4
pump_station,42,7,4
pump_station,44,6,4
pump_station,46,11,4
pump_station,48,16,4
pump_station,50,11,4
pump_station,52,7,4
pump_station,54,5,4
pump_station,56,3,4
pump_station,58,4,4
pump_station,60,11,4
pump_station,62,10,4
pump_station,64,10,4
pump_station,66,6,4
pump_station,68,9,4
pump_station,70,5,4
pump_station,72,4,4
pump_station,74,10,4
pump_station,76,9,4
pump_station,78,9,4
pump_station,80,12,4
pump_station,82,13,4
pump_station,84,17,4
pump_station,86,17,4
pump_station,88,11,4
pump_station,90,16,4
pump_station,92,12,4
pump_station,94,9,4
pump_station,96,8,4
pump_station,98,5,4
pump_station,100,7,4
pump_station,102,7,4
pump_station,104,14,4
pump_station,106,8,4
pump_station,108,7,4
pump_station,110,7,4
pump_station,112,9,4
pump_station,114,11,4
pump_station,116,8,4
pump_station,118,9,4
pump_station,120,4,4
pump_station,122,8,4
pump_station,124,11,4
pump_station,126,6,4
pump_station,128,4,4
pump_station,130,8,4
pump_station,132,10,4
pump_station,134,7,4
pump_station,136,13,4
pump_station,138,11,4
pump_station,140,16,4
pump_station,142,14,4
pump_station,144,12,4
pump_station,146,14,4
pump_station,148,10,4
pump_station,150,15,4
pump_station,152,12,4
pump_station,154,12,4
pump_station,156,12,4
pump_station,158,13,4
pump_station,160,7,4
pump_station,162,7,4
pump_station,164,11,4
pump_station,166,17,4
pump_station,168,11,4
pump_station,170,10,4
pump_station,172,11,4
pump_station,174,15,4
pump_station,176,15,4
pump_station,178,14,4
pump_station,180,11,4
pump_station,182,12,4
pump_station,184,6,4
pump_station,186,11,4
pump_station,188,15,4
pump_station,190,12,4
pump_station,192,14,4
pump_station,194,12,4
pump_station,196,12,4
pump_station,198,5,4
8_25_2,0,0,4
8_25_2,2,0,4
8_25_2,4,0,4
8_25_2,6,0,4
8_25_2,8,4,4
8_25_2,10,2,4
8_25_2,12,0,4
8_25_2,14,0,4
8_25_2,16,4,4
8_25_2,18,3,4
8_25_2,20,6,4
8_25_2,22,0,4
8_25_2,24,0,4
8_25_2,26,2,4
8_25_2,28,8,4
8_25_2,30,0,4
8_25_2,32,0,4
8_25_2,34,2,4
8_25_2,36,1,4
8_25_2,38,1,4
8_25_2,40,0,4
8_25_2,42,0,4
8_25_2,44,0,4
8_25_2,46,0,4
8_25_2,48,0,4
8_25_2,50,0,4
8_25_2,52,0,4
8_25_2,54,0,4
8_25_2,56,0,4
8_25_2,58,0,4
8_25_2,60,0,4
8_25_2,62,0,4
8_25_2,64,0,4
8_25_2,66,0,4
8_25_2,68,0,4
8_25_2,70,0,4
8_25_2,72,0,4
8_25_2,74,0,4
8_25_2,76,0,4
8_25_2,78,0,4
8_25_2,80,0,4
8_25_2,82,0,4
8_25_2,84,0,4
8_25_2,86,0,4
8_25_2,88,0,4
8_25_2,90,0,4
8_25_2,92,0,4
8_25_2,94,0,4
8_25_2,96,0,4
8_25_2,98,0,4
8_25_2,100,0,4
8_25_2,102,0,4
8_25_2,104,0,4
8_25_2,106,0,4
8_25_2,108,0,4
8_25_2,110,0,4
8_25_2,112,0,4
8_25_2,114,0,4
8_25_2,116,1,4
8_25_2,118,0,4
8_25_2,120,0,4
8_25_2,122,0,4
8_25_2,124,0,4
8_25_2,126,0,4
8_25_2,128,0,4
8_25_2,130,0,4
8_25_2,132,0,4
8_25_2,134,0,4
8_25_2,136,0,4
8_25_2,138,0,4
8_25_2,140,0,4
8_25_2,142,0,4
8_25_2,144,0,4
8_25_2,146,0,4
8_25_2,148,0,4
8_25_2,150,0,4
8_25_2,152,0,4
8_25_2,154,0,4
8_25_2,156,0,4
8_25_2,158,0,4
8_25_2,160,0,4
8_25_2,162,0,4
8_25_2,164,0,4
8_25_2,166,0,4
8_25_2,168,0,4
8_25_2,170,0,4
8_25_2,172,0,4
8_25_2,174,0,4
8_25_2,176,0,4
8_25_2,178,0,4
8_25_2,180,0,4
8_25_2,182,0,4
8_25_2,184,0,4
8_25_2,186,0,4
8_25_2,188,0,4
8_25_2,190,0,4
8_25_2,192,0,4
8_25_2,194,0,4
8_25_2,196,0,4
8_25_2,198,0,4
8_25_2,200,0,4
8_25_1,0,0,4
8_25_1,2,0,4
8_25_1,4,0,4
8_25_1,6,0,4
8_25_1,8,0,4
8_25_1,10,0,4
8_25_1,12,0,4
8_25_1,14,0,4
8_25_1,16,0,4
8_25_1,18,0,4
8_25_1,20,0,4
8_25_1,22,0,4
8_25_1,24,0,4
8_25_1,26,0,4
8_25_1,28,0,4
8_25_1,30,0,4
8_25_1,32,0,4
8_25_1,34,0,4
8_25_1,36,0,4
8_25_1,38,0,4
8_25_1,40,0,4
8_25_1,42,0,4
8_25_1,44,0,4
8_25_1,46,0,4
8_25_1,48,0,4
8_25_1,50,0,4
8_25_1,52,0,4
8_25_1,54,0,4
8_25_1,56,0,4
8_25_1,58,0,4
8_25_1,60,0,4
8_25_1,62,0,4
8_25_1,64,0,4
8_25_1,66,0,4
8_25_1,68,0,4
8_25_1,70,0,4
8_25_1,72,0,4
8_25_1,74,0,4
8_25_1,76,0,4
8_25_1,78,0,4
8_25_1,80,0,4
8_25_1,82,0,4
8_25_1,84,0,4
8_25_1,86,0,4
8_25_1,88,0,4
8_25_1,90,0,4
8_25_1,92,0,4
8_25_1,94,0,4
8_25_1,96,0,4
8_25_1,98,0,4
8_25_1,100,0,4
8_25_1,102,0,4
8_25_1,104,0,4
8_25_1,106,0,4
8_25_1,108,0,4
8_25_1,110,0,4
8_25_1,112,0,4
8_25_1,114,0,4
8_25_1,116,0,4
8_25_1,118,0,4
8_25_1,120,0,4
8_25_1,122,0,4
8_25_1,124,0,4
8_25_1,126,0,4
8_25_1,128,0,4
8_25_1,130,0,4
8_25_1,132,0,4
8_25_1,134,0,4
8_25_1,136,0,4
8_25_1,138,0,4
8_25_1,140,0,4
8_25_1,142,0,4
8_25_1,144,0,4
8_25_1,146,0,4
8_25_1,148,0,4
8_25_1,150,0,4
8_25_1,152,0,4
8_25_1,154,0,4
8_25_1,156,0,4
8_25_1,158,0,4
8_25_1,160,0,4
8_25_1,162,0,4
8_25_1,164,0,4
8_25_1,166,0,4
8_25_1,168,0,4
8_25_1,170,0,4
8_25_1,172,0,4
8_25_1,174,0,4
8_25_1,176,0,4
8_25_1,178,0,4
8_25_1,180,0,4
8_25_1,182,0,4
8_25_1,184,0,4
8_25_1,186,0,4
8_25_1,188,0,4
8_25_1,190,0,4
8_25_1,192,0,4
8_25_1,194,0,4
8_25_1,196,0,4
8_25_1,198,0,4
8_25_1,200,0,4
oil_spill_hill,0,19,4
oil_spill_hill,2,16,4
oil_spill_hill,4,12,4
oil_spill_hill,6,13,4
oil_spill_hill,8,10,4
oil_spill_hill,10,16,4
oil_spill_hill,12,14,4
oil_spill_hill,14,16,4
oil_spill_hill,16,18,4
oil_spill_hill,18,20,4
oil_spill_hill,20,19,4
oil_spill_hill,22,16,4
oil_spill_hill,24,16,4
oil_spill_hill,26,20,4
oil_spill_hill,28,17,4
oil_spill_hill,30,17,4
oil_spill_hill,32,18,4
oil_spill_hill,34,19,4
oil_spill_hill,36,17,4
oil_spill_hill,38,23,4
oil_spill_hill,40,16,4
oil_spill_hill,42,20,4
oil_spill_hill,44,26,4
oil_spill_hill,46,19,4
oil_spill_hill,48,20,4
oil_spill_hill,50,23,4
oil_spill_hill,52,23,4
oil_spill_hill,54,18,4
oil_spill_hill,56,15,4
oil_spill_hill,58,18,4
oil_spill_hill,60,17,4
oil_spill_hill,62,17,4
oil_spill_hill,64,18,4
oil_spill_hill,66,14,4
oil_spill_hill,68,16,4
oil_spill_hill,70,8,4
oil_spill_hill,72,14,4
oil_spill_hill,74,16,4
oil_spill_hill,76,13,4
oil_spill_hill,78,20,4
oil_spill_hill,80,12,4
oil_spill_hill,82,17,4
oil_spill_hill,84,20,4
oil_spill_hill,86,21,4
oil_spill_hill,88,15,4
oil_spill_hill,90,17,4
oil_spill_hill,92,9,4
oil_spill_hill,94,12,4
oil_spill_hill,96,16,4
oil_spill_hill,98,17,4
oil_spill_hill,100,19,4
oil_spill_hill,102,18,4
oil_spill_hill,104,17,4
oil_spill_hill,106,16,4
oil_spill_hill,108,17,4
oil_spill_hill,110,14,4
oil_spill_hill,112,18,4
oil_spill_hill,114,19,4
oil_spill_hill,116,20,4
oil_spill_hill,118,16,4
oil_spill_hill,120,16,4
oil_spill_hill,122,20,4
oil_spill_hill,124,14,4
oil_spill_hill,126,14,4
oil_spill_hill,128,17,4
oil_spill_hill,130,20,4
oil_spill_hill,132,15,4
oil_spill_hill,134,17,4
oil_spill_hill,136,19,4
oil_spill_hill,138,17,4
oil_spill_hill,140,17,4
oil_spill_hill,142,16,4
oil_spill_hill,144,13,4
oil_spill_hill,146,14,4
oil_spill_hill,148,14,4
oil_spill_hill,150,14,4
oil_spill_hill,152,14,4
oil_spill_hill,154,18,4
oil_spill_hill,156,19,4
oil_spill_hill,158,16,4
oil_spill_hill,160,17,4
oil_spill_hill,162,13,4
oil_spill_hill,164,9,4
oil_spill_hill,166,22,4
oil_spill_hill,168,18,4
oil_spill_hill,170,18,4
oil_spill_hill,172,20,4
oil_spill_hill,174,13,4
oil_spill_hill,176,22,4
oil_spill_hill,178,18,4
oil_spill_hill,180,17,4
oil_spill_hill,182,14,4
oil_spill_hill,184,15,4
oil_spill_hill,186,24,4
oil_spill_hill,188,16,4
oil_spill_hill,190,13,4
oil_spill_hill,192,20,4
oil_spill_hill,194,16,4
oil_spill_hill,196,17,4
oil_spill_hill,198,14,4
happy_valley_7,0,15,4
happy_valley_7,2,16,4
happy_valley_7,4,15,4
happy_valley_7,6,19,4
happy_valley_7,8,22,4
happy_valley_7,10,20,4
happy_valley_7,12,22,4
happy_valley_7,14,17,4
happy_valley_7,16,22,4
happy_valley_7,18,13,4
happy_valley_7,20,7,4
happy_valley_7,22,14,4
happy_valley_7,24,12,4
happy_valley_7,26,23,4
happy_valley_7,28,21,4
happy_valley_7,30,17,4
happy_valley_7,32,22,4
happy_valley_7,34,16,4
happy_valley_7,36,25,4
happy_valley_7,38,17,4
happy_valley_7,40,21,4
happy_valley_7,42,16,4
happy_valley_7,44,14,4
happy_valley_7,46,17,4
happy_valley_7,48,16,4
happy_valley_7,50,22,4
happy_valley_7,52,17,4
happy_valley_7,54,23,4
happy_valley_7,56,20,4
happy_valley_7,58,25,4
happy_valley_7,60,23,4
happy_valley_7,62,22,4
happy_valley_7,64,27,4
happy_valley_7,66,17,4
happy_valley_7,68,12,4
happy_valley_7,70,11,4
happy_valley_7,72,13,4
happy_valley_7,74,12,4
happy_valley_7,76,22,4
happy_valley_7,78,19,4
happy_valley_7,80,19,4
happy_valley_7,82,21,4
happy_valley_7,84,18,4
happy_valley_7,86,16,4
happy_valley_7,88,19,4
happy_valley_7,90,26,4
happy_valley_7,92,15,4
happy_valley_7,94,16,4
happy_valley_7,96,17,4
happy_valley_7,98,8,4
happy_valley_7,100,20,4
happy_valley_7,102,20,4
happy_valley_7,104,20,4
happy_valley_7,106,18,4
happy_valley_7,108,16,4
happy_valley_7,110,21,4
happy_valley_7,112,21,4
happy_valley_7,114,21,4
happy_valley_7,116,20,4
happy_valley_7,118,19,4
happy_valley_7,120,21,4
happy_valley_7,122,18,4
happy_valley_7,124,16,4
happy_valley_7,126,13,4
happy_valley_7,128,16,4
happy_valley_7,130,18,4
happy_valley_7,132,17,4
happy_valley_7,134,20,4
happy_valley_7,136,21,4
happy_valley_7,138,16,4
happy_valley_7,140,18,4
happy_valley_7,142,20,4
happy_valley_7,144,21,4
happy_valley_7,146,23,4
happy_valley_7,148,21,4
happy_valley_7,150,16,4
happy_valley_7,152,22,4
happy_valley_7,154,25,4
happy_valley_7,156,23,4
happy_valley_7,158,27,4
happy_valley_7,160,24,4
happy_valley_7,162,25,4
happy_valley_7,164,23,4
happy_valley_7,166,21,4
happy_valley_7,168,21,4
happy_valley_7,170,17,4
happy_valley_7,172,18,4
happy_valley_7,174,22,4
happy_valley_7,176,22,4
happy_valley_7,178,16,4
happy_valley_7,180,19,4
happy_valley_7,182,21,4
happy_valley_7,184,17,4
happy_valley_7,186,16,4
happy_valley_7,188,16,4
happy_valley_7,190,19,4
happy_valley_7,192,31,4
happy_valley_7,194,27,4
happy_valley_7,196,22,4
happy_valley_7,198,21,4
oil_spill_hill_21,0,9,4
oil_spill_hill_21,2,7,4
oil_spill_hill_21,4,6,4
oil_spill_hill_21,6,10,4
oil_spill_hill_21,8,5,4
oil_spill_hill_21,10,7,4
oil_spill_hill_21,12,13,4
oil_spill_hill_21,14,2,4
oil_spill_hill_21,16,2,4
oil_spill_hill_21,18,2,4
oil_spill_hill_21,20,1,4
oil_spill_hill_21,22,1,4
oil_spill_hill_21,24,5,4
oil_spill_hill_21,26,9,4
oil_spill_hill_21,28,9,4
oil_spill_hill_21,30,5,4
oil_spill_hill_21,32,10,4
oil_spill_hill_21,34,12,4
oil_spill_hill_21,36,16,4
oil_spill_hill_21,38,8,4
oil_spill_hill_21,40,14,4
oil_spill_hill_21,42,10,4
oil_spill_hill_21,44,7,4
oil_spill_hill_21,46,6,4
oil_spill_hill_21,48,4,4
oil_spill_hill_21,50,5,4
oil_spill_hill_21,52,7,4
oil_spill_hill_21,54,4,4
oil_spill_hill_21,56,14,4
oil_spill_hill_21,58,10,4
oil_spill_hill_21,60,9,4
oil_spill_hill_21,62,13,4
oil_spill_hill_21,64,12,4
oil_spill_hill_21,66,4,4
oil_spill_hill_21,68,7,4
oil_spill_hill_21,70,9,4
oil_spill_hill_21,72,6,4
oil_spill_hill_21,74,5,4
oil_spill_hill_21,76,11,4
oil_spill_hill_21,78,15,4
oil_spill_hill_21,80,16,4
oil_spill_hill_21,82,22,4
oil_spill_hill_21,84,22,4
oil_spill_hill_21,86,15,4
oil_spill_hill_21,88,20,4
oil_spill_hill_21,90,21,4
oil_spill_hill_21,92,7,4
oil_spill_hill_21,94,0,4
oil_spill_hill_21,96,16,4
oil_spill_hill_21,98,19,4
oil_spill_hill_21,100,14,4
oil_spill_hill_21,102,5,4
oil_spill_hill_21,104,9,4
oil_spill_hill_21,106,10,4
oil_spill_hill_21,108,14,4
oil_spill_hill_21,110,15,4
oil_spill_hill_21,112,11,4
oil_spill_hill_21,114,11,4
oil_spill_hill_21,116,11,4
oil_spill_hill_21,118,13,4
oil_spill_hill_21,120,10,4
oil_spill_hill_21,122,21,4
oil_spill_hill_21,124,15,4
oil_spill_hill_21,126,14,4
oil_spill_hill_21,128,13,4
oil_spill_hill_21,130,6,4
oil_spill_hill_21,132,4,4
oil_spill_hill_21,134,6,4
oil_spill_hill_21,136,2,4
oil_spill_hill_21,138,2,4
oil_spill_hill_21,140,4,4
oil_spill_hill_21,142,4,4
oil_spill_hill_21,144,5,4
oil_spill_hill_21,146,7,4
oil_spill_hill_21,148,6,4
oil_spill_hill_21,150,4,4
oil_spill_hill_21,152,12,4
oil_spill_hill_21,154,15,4
oil_spill_hill_21,156,13,4
oil_spill_hill_21,158,12,4
oil_spill_hill_21,160,9,4
oil_spill_hill_21,162,12,4
oil_spill_hill_21,164,11,4
oil_spill_hill_21,166,10,4
oil_spill_hill_21,168,11,4
oil_spill_hill_21,170,9,4
oil_spill_hill_21,172,6,4
oil_spill_hill_21,174,14,4
oil_spill_hill_21,176,11,4
oil_spill_hill_21,178,11,4
oil_spill_hill_21,180,11,4
oil_spill_hill_21,182,3,4
oil_spill_hill_21,184,12,4
oil_spill_hill_21,186,10,4
oil_spill_hill_21,188,6,4
oil_spill_hill_21,190,5,4
oil_spill_hill_21,192,15,4
oil_spill_hill_21,194,5,4
oil_spill_hill_21,196,2,4
oil_spill_hill_21,198,8,4
sag_plus,0,0,4
sag_plus,2,0,4
sag_plus,4,0,4
sag_plus,6,0,4
sag_plus,8,0,4
sag_plus,10,0,4
sag_plus,12,0,4
sag_plus,14,0,4
sag_plus,16,0,4
sag_plus,18,0,4
sag_plus,20,0,4
sag_plus,22,0,4
sag_plus,24,4,4
sag_plus,26,0,4
sag_plus,28,0,4
sag_plus,30,0,4
sag_plus,32,3,4
sag_plus,34,0,4
sag_plus,36,0,4
sag_plus,38,0,4
sag_plus,40,0,4
sag_plus,42,0,4
sag_plus,44,0,4
sag_plus,46,1,4
sag_plus,48,0,4
sag_plus,50,0,4
sag_plus,52,0,4
sag_plus,54,0,4
sag_plus,56,0,4
sag_plus,58,0,4
sag_plus,60,0,4
sag_plus,62,0,4
sag_plus,64,0,4
sag_plus,66,0,4
sag_plus,68,0,4
sag_plus,70,0,4
sag_plus,72,0,4
sag_plus,74,0,4
sag_plus,76,0,4
sag_plus,78,0,4
sag_plus,80,0,4
sag_plus,82,0,4
sag_plus,84,0,4
sag_plus,86,0,4
sag_plus,88,0,4
sag_plus,90,0,4
sag_plus,92,0,4
sag_plus,94,0,4
sag_plus,96,0,4
sag_plus,98,0,4
sag_plus,100,0,4
sag_plus,102,0,4
sag_plus,104,0,4
sag_plus,106,0,4
sag_plus,108,0,4
sag_plus,110,0,4
sag_plus,112,0,4
sag_plus,114,0,4
sag_plus,116,0,4
sag_plus,118,0,4
sag_plus,120,0,4
sag_plus,122,0,4
sag_plus,124,0,4
sag_plus,126,0,4
sag_plus,128,0,4
sag_plus,130,2,4
sag_plus,132,0,4
sag_plus,134,0,4
sag_plus,136,0,4
sag_plus,138,0,4
sag_plus,140,0,4
sag_plus,142,0,4
sag_plus,144,4,4
sag_plus,146,0,4
sag_plus,148,3,4
sag_plus,150,0,4
sag_plus,152,1,4
sag_plus,154,0,4
sag_plus,156,0,4
sag_plus,158,0,4
sag_plus,160,0,4
sag_plus,162,5,4
sag_plus,164,0,4
sag_plus,166,0,4
sag_plus,168,0,4
sag_plus,170,0,4
sag_plus,172,0,4
sag_plus,174,0,4
sag_plus,176,0,4
sag_plus,178,0,4
sag_plus,180,0,4
sag_plus,182,0,4
sag_plus,184,0,4
sag_plus,186,0,4
sag_plus,188,0,4
sag_plus,190,0,4
sag_plus,192,0,4
sag_plus,194,0,4
sag_plus,196,0,4
sag_plus,198,0,4
KH_Nome,0,2,4
KH_Nome,2,2,4
KH_Nome,4,0,4
KH_Nome,6,0,4
KH_Nome,8,0,4
KH_Nome,10,0,4
KH_Nome,12,0,4
KH_Nome,14,0,4
KH_Nome,16,1,4
KH_Nome,18,0,4
KH_Nome,20,0,4
KH_Nome,22,1,4
KH_Nome,24,1,4
KH_Nome,26,1,4
KH_Nome,28,3,4
KH_Nome,30,3,4
KH_Nome,32,4,4
KH_Nome,34,4,4
KH_Nome,36,0,4
KH_Nome,38,0,4
KH_Nome,40,0,4
KH_Nome,42,0,4
KH_Nome,44,2,4
KH_Nome,46,0,4
KH_Nome,48,0,4
KH_Nome,50,0,4
KH_Nome,52,0,4
KH_Nome,54,0,4
KH_Nome,56,0,4
KH_Nome,58,0,4
KH_Nome,60,0,4
KH_Nome,62,0,4
KH_Nome,64,0,4
KH_Nome,66,0,4
KH_Nome,68,0,4
KH_Nome,70,0,4
KH_Nome,72,0,4
KH_Nome,74,0,4
KH_Nome,76,0,4
KH_Nome,78,0,4
KH_Nome,80,0,4
KH_Nome,82,0,4
KH_Nome,84,0,4
KH_Nome,86,0,4
KH_Nome,88,1,4
KH_Nome,90,0,4
KH_Nome,92,0,4
KH_Nome,94,0,4
KH_Nome,96,0,4
KH_Nome,98,0,4
KH_Nome,100,0,4
KH_Nome,102,0,4
KH_Nome,104,0,4
KH_Nome,106,0,4
KH_Nome,108,0,4
KH_Nome,110,1,4
KH_Nome,112,0,4
KH_Nome,114,0,4
KH_Nome,116,1,4
KH_Nome,118,0,4
KH_Nome,120,0,4
KH_Nome,122,0,4
KH_Nome,124,0,4
KH_Nome,126,1,4
KH_Nome,128,0,4
KH_Nome,130,0,4
KH_Nome,132,2,4
KH_Nome,134,0,4
KH_Nome,136,0,4
KH_Nome,138,0,4
KH_Nome,140,0,4
KH_Nome,142,0,4
KH_Nome,144,0,4
KH_Nome,146,0,4
KH_Nome,148,0,4
KH_Nome,150,0,4
KH_Nome,152,0,4
KH_Nome,154,0,4
KH_Nome,156,0,4
KH_Nome,158,0,4
KH_Nome,160,0,4
KH_Nome,162,0,4
KH_Nome,164,0,4
KH_Nome,166,1,4
KH_Nome,168,0,4
KH_Nome,170,0,4
KH_Nome,172,0,4
KH_Nome,174,0,4
KH_Nome,176,0,4
KH_Nome,178,0,4
KH_Nome,180,0,4
KH_Nome,182,0,4
KH_Nome,184,0,4
KH_Nome,186,1,4
KH_Nome,188,0,4
KH_Nome,190,0,4
KH_Nome,192,0,4
KH_Nome,194,0,4
KH_Nome,196,1,4
KH_Nome,198,0,4
KH_Kutizin,0,1,4
KH_Kutizin,2,0,4
KH_Kutizin,4,1,4
KH_Kutizin,6,0,4
KH_Kutizin,8,0,4
KH_Kutizin,10,0,4
KH_Kutizin,12,1,4
KH_Kutizin,14,1,4
KH_Kutizin,16,1,4
KH_Kutizin,18,0,4
KH_Kutizin,20,0,4
KH_Kutizin,22,0,4
KH_Kutizin,24,0,4
KH_Kutizin,26,0,4
KH_Kutizin,28,0,4
KH_Kutizin,30,0,4
KH_Kutizin,32,0,4
KH_Kutizin,34,0,4
KH_Kutizin,36,0,4
KH_Kutizin,38,0,4
KH_Kutizin,40,0,4
KH_Kutizin,42,0,4
KH_Kutizin,44,0,4
KH_Kutizin,46,0,4
KH_Kutizin,48,0,4
KH_Kutizin,50,0,4
KH_Kutizin,52,0,4
KH_Kutizin,54,0,4
KH_Kutizin,56,0,4
KH_Kutizin,58,0,4
KH_Kutizin,60,0,4
KH_Kutizin,62,0,4
KH_Kutizin,64,0,4
KH_Kutizin,66,0,4
KH_Kutizin,68,0,4
KH_Kutizin,70,0,4
KH_Kutizin,72,0,4
KH_Kutizin,74,0,4
KH_Kutizin,76,0,4
KH_Kutizin,78,0,4
KH_Kutizin,80,0,4
KH_Kutizin,82,0,4
KH_Kutizin,84,0,4
KH_Kutizin,86,0,4
KH_Kutizin,88,0,4
KH_Kutizin,90,0,4
KH_Kutizin,92,0,4
KH_Kutizin,94,0,4
KH_Kutizin,96,0,4
KH_Kutizin,98,0,4
KH_Kutizin,100,0,4
KH_Kutizin,102,0,4
KH_Kutizin,104,0,4
KH_Kutizin,106,0,4
KH_Kutizin,108,0,4
KH_Kutizin,110,0,4
KH_Kutizin,112,0,4
KH_Kutizin,114,0,4
KH_Kutizin,116,0,4
KH_Kutizin,118,0,4
KH_Kutizin,120,0,4
KH_Kutizin,122,1,4
KH_Kutizin,124,0,4
KH_Kutizin,126,0,4
KH_Kutizin,128,0,4
KH_Kutizin,130,0,4
KH_Kutizin,132,0,4
KH_Kutizin,134,0,4
KH_Kutizin,136,0,4
KH_Kutizin,138,0,4
KH_Kutizin,140,0,4
KH_Kutizin,142,0,4
KH_Kutizin,144,0,4
KH_Kutizin,146,0,4
KH_Kutizin,148,0,4
KH_Kutizin,150,0,4
KH_Kutizin,152,0,4
KH_Kutizin,154,0,4
KH_Kutizin,156,0,4
KH_Kutizin,158,0,4
KH_Kutizin,160,0,4
KH_Kutizin,162,0,4
KH_Kutizin,164,0,4
KH_Kutizin,166,0,4
KH_Kutizin,168,0,4
KH_Kutizin,170,0,4
KH_Kutizin,172,0,4
KH_Kutizin,174,0,4
KH_Kutizin,176,0,4
KH_Kutizin,178,0,4
KH_Kutizin,180,0,4
KH_Kutizin,182,0,4
KH_Kutizin,184,0,4
KH_Kutizin,186,0,4
KH_Kutizin,188,1,4
KH_Kutizin,190,4,4
KH_Kutizin,192,0,4
KH_Kutizin,194,2,4
KH_Kutizin,196,0,4
KH_Kutizin,198,1,4
NF_Prudhoe_Bay,0,2,4
NF_Prudhoe_Bay,2,3,4
NF_Prudhoe_Bay,4,3,4
NF_Prudhoe_Bay,6,5,4
NF_Prudhoe_Bay,8,6,4
NF_Prudhoe_Bay,10,7,4
NF_Prudhoe_Bay,12,3,4
NF_Prudhoe_Bay,14,10,4
NF_Prudhoe_Bay,16,4,4
NF_Prudhoe_Bay,18,2,4
NF_Prudhoe_Bay,20,8,4
NF_Prudhoe_Bay,22,2,4
NF_Prudhoe_Bay,24,4,4
NF_Prudhoe_Bay,26,10,4
NF_Prudhoe_Bay,28,5,4
NF_Prudhoe_Bay,30,7,4
NF_Prudhoe_Bay,32,3,4
NF_Prudhoe_Bay,34,1,4
NF_Prudhoe_Bay,36,1,4
NF_Prudhoe_Bay,38,0,4
NF_Prudhoe_Bay,40,3,4
NF_Prudhoe_Bay,42,14,4
NF_Prudhoe_Bay,44,9,4
NF_Prudhoe_Bay,46,8,4
NF_Prudhoe_Bay,48,6,4
NF_Prudhoe_Bay,50,4,4
NF_Prudhoe_Bay,52,5,4
NF_Prudhoe_Bay,54,3,4
NF_Prudhoe_Bay,56,0,4
NF_Prudhoe_Bay,58,4,4
NF_Prudhoe_Bay,60,4,4
NF_Prudhoe_Bay,62,9,4
NF_Prudhoe_Bay,64,2,4
NF_Prudhoe_Bay,66,5,4
NF_Prudhoe_Bay,68,5,4
NF_Prudhoe_Bay,70,3,4
NF_Prudhoe_Bay,72,9,4
NF_Prudhoe_Bay,74,3,4
NF_Prudhoe_Bay,76,5,4
NF_Prudhoe_Bay,78,4,4
NF_Prudhoe_Bay,80,6,4
NF_Prudhoe_Bay,82,6,4
NF_Prudhoe_Bay,84,7,4
NF_Prudhoe_Bay,86,7,4
NF_Prudhoe_Bay,88,2,4
NF_Prudhoe_Bay,90,7,4
NF_Prudhoe_Bay,92,8,4
NF_Prudhoe_Bay,94,4,4
NF_Prudhoe_Bay,96,2,4
NF_Prudhoe_Bay,98,2,4
NF_Prudhoe_Bay,100,5,4
NF_Prudhoe_Bay,102,5,4
NF_Prudhoe_Bay,104,8,4
NF_Prudhoe_Bay,106,5,4
NF_Prudhoe_Bay,108,8,4
NF_Prudhoe_Bay,110,4,4
NF_Prudhoe_Bay,112,8,4
NF_Prudhoe_Bay,114,1,4
NF_Prudhoe_Bay,116,2,4
NF_Prudhoe_Bay,118,0,4
NF_Prudhoe_Bay,120,3,4
NF_Prudhoe_Bay,122,3,4
NF_Prudhoe_Bay,124,10,4
NF_Prudhoe_Bay,126,5,4
NF_Prudhoe_Bay,128,3,4
NF_Prudhoe_Bay,130,0,4
NF_Prudhoe_Bay,132,2,4
NF_Prudhoe_Bay,134,5,4
NF_Prudhoe_Bay,136,10,4
NF_Prudhoe_Bay,138,12,4
NF_Prudhoe_Bay,140,5,4
NF_Prudhoe_Bay,142,0,4
NF_Prudhoe_Bay,144,4,4
NF_Prudhoe_Bay,146,4,4
NF_Prudhoe_Bay,148,11,4
NF_Prudhoe_Bay,150,7,4
NF_Prudhoe_Bay,152,11,4
NF_Prudhoe_Bay,154,6,4
NF_Prudhoe_Bay,156,3,4
NF_Prudhoe_Bay,158,0,4
NF_Prudhoe_Bay,160,0,4
NF_Prudhoe_Bay,162,3,4
NF_Prudhoe_Bay,164,0,4
NF_Prudhoe_Bay,166,4,4
NF_Prudhoe_Bay,168,3,4
NF_Prudhoe_Bay,170,0,4
NF_Prudhoe_Bay,172,0,4
NF_Prudhoe_Bay,174,0,4
NF_Prudhoe_Bay,176,0,4
NF_Prudhoe_Bay,178,0,4
NF_Prudhoe_Bay,180,0,4
NF_Prudhoe_Bay,182,0,4
NF_Prudhoe_Bay,184,0,4
NF_Prudhoe_Bay,186,1,4
NF_Prudhoe_Bay,188,0,4
NF_Prudhoe_Bay,190,2,4
NF_Prudhoe_Bay,192,0,4
NF_Prudhoe_Bay,194,0,4
NF_Prudhoe_Bay,196,0,4
NF_Prudhoe_Bay,198,0,4
NF_Sagwon,0,22,4
NF_Sagwon,2,26,4
NF_Sagwon,4,21,4
NF_Sagwon,6,18,4
NF_Sagwon,8,18,4
NF_Sagwon,10,16,4
NF_Sagwon,12,16,4
NF_Sagwon,14,20,4
NF_Sagwon,16,16,4
NF_Sagwon,18,16,4
NF_Sagwon,20,17,4
NF_Sagwon,22,18,4
NF_Sagwon,24,18,4
NF_Sagwon,26,16,4
NF_Sagwon,28,17,4
NF_Sagwon,30,15,4
NF_Sagwon,32,16,4
NF_Sagwon,34,16,4
NF_Sagwon,36,16,4
NF_Sagwon,38,17,4
NF_Sagwon,40,18,4
NF_Sagwon,42,12,4
NF_Sagwon,44,13,4
NF_Sagwon,46,15,4
NF_Sagwon,48,19,4
NF_Sagwon,50,16,4
NF_Sagwon,52,21,4
NF_Sagwon,54,15,4
NF_Sagwon,56,14,4
NF_Sagwon,58,13,4
NF_Sagwon,60,19,4
NF_Sagwon,62,15,4
NF_Sagwon,64,11,4
NF_Sagwon,66,11,4
NF_Sagwon,68,11,4
NF_Sagwon,70,15,4
NF_Sagwon,72,14,4
NF_Sagwon,74,15,4
NF_Sagwon,76,12,4
NF_Sagwon,78,14,4
NF_Sagwon,80,13,4
NF_Sagwon,82,12,4
NF_Sagwon,84,19,4
NF_Sagwon,86,20,4
NF_Sagwon,88,15,4
NF_Sagwon,90,19,4
NF_Sagwon,92,12,4
NF_Sagwon,94,13,4
NF_Sagwon,96,16,4
NF_Sagwon,98,18,4
NF_Sagwon,100,12,4
NF_Sagwon,102,13,4
NF_Sagwon,104,10,4
NF_Sagwon,106,13,4
NF_Sagwon,108,16,4
NF_Sagwon,110,17,4
NF_Sagwon,112,15,4
NF_Sagwon,114,18,4
NF_Sagwon,116,20,4
NF_Sagwon,118,16,4
NF_Sagwon,120,13,4
NF_Sagwon,122,16,4
NF_Sagwon,124,17,4
NF_Sagwon,126,19,4
NF_Sagwon,128,15,4
NF_Sagwon,130,19,4
NF_Sagwon,132,21,4
NF_Sagwon,134,16,4
NF_Sagwon,136,17,4
NF_Sagwon,138,15,4
NF_Sagwon,140,20,4
NF_Sagwon,142,19,4
NF_Sagwon,144,21,4
NF_Sagwon,146,13,4
NF_Sagwon,148,17,4
NF_Sagwon,150,15,4
NF_Sagwon,152,14,4
NF_Sagwon,154,15,4
NF_Sagwon,156,13,4
NF_Sagwon,158,15,4
NF_Sagwon,160,16,4
NF_Sagwon,162,10,4
NF_Sagwon,164,15,4
NF_Sagwon,166,17,4
NF_Sagwon,168,15,4
NF_Sagwon,170,15,4
NF_Sagwon,172,14,4
NF_Sagwon,174,15,4
NF_Sagwon,176,12,4
NF_Sagwon,178,16,4
NF_Sagwon,180,16,4
NF_Sagwon,182,15,4
NF_Sagwon,184,18,4
NF_Sagwon,186,13,4
NF_Sagwon,188,14,4
NF_Sagwon,190,12,4
NF_Sagwon,192,15,4
NF_Sagwon,194,17,4
NF_Sagwon,196,19,4
NF_Sagwon,198,16,4
OS_Imuvik,0,5,4
OS_Imuvik,2,3,4
OS_Imuvik,4,1,4
OS_Imuvik,6,1,4
OS_Imuvik,8,3,4
OS_Imuvik,10,5,4
OS_Imuvik,12,3,4
OS_Imuvik,14,3,4
OS_Imuvik,16,5,4
OS_Imuvik,18,7,4
OS_Imuvik,20,7,4
OS_Imuvik,22,11,4
OS_Imuvik,24,7,4
OS_Imuvik,26,3,4
OS_Imuvik,28,4,4
OS_Imuvik,30,6,4
OS_Imuvik,32,4,4
OS_Imuvik,34,3,4
OS_Imuvik,36,4,4
OS_Imuvik,38,5,4
OS_Imuvik,40,3,4
OS_Imuvik,42,1,4
OS_Imuvik,44,8,4
OS_Imuvik,46,3,4
OS_Imuvik,48,4,4
OS_Imuvik,50,2,4
OS_Imuvik,52,8,4
OS_Imuvik,54,7,4
OS_Imuvik,56,2,4
OS_Imuvik,58,7,4
OS_Imuvik,60,6,4
OS_Imuvik,62,5,4
OS_Imuvik,64,4,4
OS_Imuvik,66,6,4
OS_Imuvik,68,0,4
OS_Imuvik,70,3,4
OS_Imuvik,72,3,4
OS_Imuvik,74,6,4
OS_Imuvik,76,3,4
OS_Imuvik,78,6,4
OS_Imuvik,80,7,4
OS_Imuvik,82,2,4
OS_Imuvik,84,2,4
OS_Imuvik,86,7,4
OS_Imuvik,88,5,4
OS_Imuvik,90,7,4
OS_Imuvik,92,7,4
OS_Imuvik,94,8,4
OS_Imuvik,96,8,4
OS_Imuvik,98,7,4
OS_Imuvik,100,10,4
OS_Imuvik,102,9,4
OS_Imuvik,104,6,4
OS_Imuvik,106,10,4
OS_Imuvik,108,12,4
OS_Imuvik,110,7,4
OS_Imuvik,112,8,4
OS_Imuvik,114,4,4
OS_Imuvik,116,7,4
OS_Imuvik,118,4,4
OS_Imuvik,120,7,4
OS_Imuvik,122,8,4
OS_Imuvik,124,6,4
OS_Imuvik,126,6,4
OS_Imuvik,128,9,4
OS_Imuvik,130,5,4
OS_Imuvik,132,8,4
OS_Imuvik,134,6,4
OS_Imuvik,136,10,4
OS_Imuvik,138,9,4
OS_Imuvik,140,6,4
OS_Imuvik,142,7,4
OS_Imuvik,144,7,4
OS_Imuvik,146,9,4
OS_Imuvik,148,4,4
OS_Imuvik,150,5,4
OS_Imuvik,152,6,4
OS_Imuvik,154,4,4
OS_Imuvik,156,8,4
OS_Imuvik,158,8,4
OS_Imuvik,160,6,4
OS_Imuvik,162,6,4
OS_Imuvik,164,10,4
OS_Imuvik,166,1,4
OS_Imuvik,168,5,4
OS_Imuvik,170,4,4
OS_Imuvik,172,9,4
OS_Imuvik,174,5,4
OS_Imuvik,176,7,4
OS_Imuvik,178,7,4
OS_Imuvik,180,9,4
OS_Imuvik,182,5,4
OS_Imuvik,184,3,4
OS_Imuvik,186,1,4
OS_Imuvik,188,3,4
OS_Imuvik,190,4,4
OS_Imuvik,192,7,4
OS_Imuvik,194,7,4
OS_Imuvik,196,2,4
OS_Imuvik,198,9,4
SDW_Council,0,0,4
SDW_Council,2,0,4
SDW_Council,4,1,4
SDW_Council,6,1,4
SDW_Council,8,2,4
SDW_Council,10,13,4
SDW_Council,12,10,4
SDW_Council,14,7,4
SDW_Council,16,6,4
SDW_Council,18,3,4
SDW_Council,20,8,4
SDW_Council,22,7,4
SDW_Council,24,9,4
SDW_Council,26,10,4
SDW_Council,28,13,4
SDW_Council,30,13,4
SDW_Council,32,5,4
SDW_Council,34,9,4
SDW_Council,36,6,4
SDW_Council,38,8,4
SDW_Council,40,10,4
SDW_Council,42,11,4
SDW_Council,44,7,4
SDW_Council,46,10,4
SDW_Council,48,9,4
SDW_Council,50,9,4
SDW_Council,52,5,4
SDW_Council,54,3,4
SDW_Council,56,7,4
SDW_Council,58,11,4
SDW_Council,60,9,4
SDW_Council,62,9,4
SDW_Council,64,8,4
SDW_Council,66,4,4
SDW_Council,68,9,4
SDW_Council,70,9,4
SDW_Council,72,9,4
SDW_Council,74,10,4
SDW_Council,76,8,4
SDW_Council,78,8,4
SDW_Council,80,7,4
SDW_Council,82,3,4
SDW_Council,84,6,4
SDW_Council,86,4,4
SDW_Council,88,7,4
SDW_Council,90,10,4
SDW_Council,92,6,4
SDW_Council,94,5,4
SDW_Council,96,4,4
SDW_Council,98,4,4
SDW_Council,100,4,4
SDW_Council,102,8,4
SDW_Council,104,12,4
SDW_Council,106,11,4
SDW_Council,108,12,4
SDW_Council,110,12,4
SDW_Council,112,8,4
SDW_Council,114,9,4
SDW_Council,116,12,4
SDW_Council,118,11,4
SDW_Council,120,11,4
SDW_Council,122,12,4
SDW_Council,124,13,4
SDW_Council,126,7,4
SDW_Council,128,11,4
SDW_Council,130,9,4
SDW_Council,132,10,4
SDW_Council,134,4,4
SDW_Council,136,5,4
SDW_Council,138,3,4
SDW_Council,140,2,4
SDW_Council,142,4,4
SDW_Council,144,2,4
SDW_Council,146,1,4
SDW_Council,148,2,4
SDW_Council,150,1,4
SDW_Council,152,2,4
SDW_Council,154,0,4
SDW_Council,156,3,4
SDW_Council,158,2,4
SDW_Council,160,3,4
SDW_Council,162,3,4
SDW_Council,164,1,4
SDW_Council,166,1,4
SDW_Council,168,1,4
SDW_Council,170,0,4
SDW_Council,172,0,4
SDW_Council,174,0,4
SDW_Council,176,0,4
SDW_Council,178,0,4
SDW_Council,180,1,4
SDW_Council,182,0,4
SDW_Council,184,2,4
SDW_Council,186,4,4
SDW_Council,188,1,4
SDW_Council,190,0,4
SDW_Council,192,0,4
SDW_Council,194,0,4
SDW_Council,196,2,4
SDW_Council,198,1,4
ISM_Herschel_Island,0,27,4
ISM_Herschel_Island,2,17,4
ISM_Herschel_Island,4,19,4
ISM_Herschel_Island,6,18.5,4
ISM_Herschel_Island,8,21,4
ISM_Herschel_Island,10,27,4
ISM_Herschel_Island,12,16,4
ISM_Herschel_Island,14,26.5,4
ISM_Herschel_Island,16,25.5,4
ISM_Herschel_Island,18,18,4
ISM_Herschel_Island,20,5,4
ISM_Herschel_Island,22,8,4
ISM_Herschel_Island,24,11.5,4
ISM_Herschel_Island,26,20,4
ISM_Herschel_Island,28,19,4
ISM_Herschel_Island,30,22.5,4
ISM_Herschel_Island,32,17,4
ISM_Herschel_Island,34,16.5,4
ISM_Herschel_Island,36,19,4
ISM_Herschel_Island,38,20.5,4
ISM_Herschel_Island,40,19,4
ISM_Herschel_Island,42,23,4
ISM_Herschel_Island,44,19.5,4
ISM_Herschel_Island,46,26,4
ISM_Herschel_Island,48,23.5,4
ISM_Herschel_Island,50,27,4
ISM_Herschel_Island,52,17,4
ISM_Herschel_Island,54,23.5,4
ISM_Herschel_Island,56,19,4
ISM_Herschel_Island,58,24,4
ISM_Herschel_Island,60,17,4
ISM_Herschel_Island,62,23,4
ISM_Herschel_Island,64,23.5,4
ISM_Herschel_Island,66,22.5,4
ISM_Herschel_Island,68,17.5,4
ISM_Herschel_Island,70,22,4
ISM_Herschel_Island,72,18,4
ISM_Herschel_Island,74,17.5,4
ISM_Herschel_Island,76,18,4
ISM_Herschel_Island,78,19.5,4
ISM_Herschel_Island,80,16,4
ISM_Herschel_Island,82,19,4
ISM_Herschel_Island,84,14,4
ISM_Herschel_Island,86,21.5,4
ISM_Herschel_Island,88,14,4
ISM_Herschel_Island,90,18,4
ISM_Herschel_Island,92,16.5,4
ISM_Herschel_Island,94,17,4
ISM_Herschel_Island,96,18,4
ISM_Herschel_Island,98,17.5,4
ISM_Herschel_Island,100,18.5,4
ISM_Herschel_Island,102,15,4
ISM_Herschel_Island,104,15,4
ISM_Herschel_Island,106,17,4
ISM_Herschel_Island,108,17,4
ISM_Herschel_Island,110,16.5,4
ISM_Herschel_Island,112,17,4
ISM_Herschel_Island,114,17.5,4
ISM_Herschel_Island,116,18.5,4
ISM_Herschel_Island,118,15,4
ISM_Herschel_Island,120,17,4
ISM_Herschel_Island,122,18.5,4
ISM_Herschel_Island,124,18,4
ISM_Herschel_Island,126,17,4
ISM_Herschel_Island,128,21,4
ISM_Herschel_Island,130,17,4
ISM_Herschel_Island,132,15.5,4
ISM_Herschel_Island,134,18,4
ISM_Herschel_Island,136,15.5,4
ISM_Herschel_Island,138,15.5,4
ISM_Herschel_Island,140,23,4
ISM_Herschel_Island,142,17.5,4
ISM_Herschel_Island,144,17.5,4
ISM_Herschel_Island,146,16.5,4
ISM_Herschel_Island,148,14,4
ISM_Herschel_Island,150,16,4
ISM_Herschel_Island,152,19,4
ISM_Herschel_Island,154,17.5,4
ISM_Herschel_Island,156,12.5,4
ISM_Herschel_Island,158,16,4
ISM_Herschel_Island,160,15.5,4
ISM_Herschel_Island,162,14,4
ISM_Herschel_Island,164,14.5,4
ISM_Herschel_Island,166,15.5,4
ISM_Herschel_Island,168,14,4
ISM_Herschel_Island,170,13.5,4
ISM_Herschel_Island,172,15.5,4
ISM_Herschel_Island,174,16.5,4
ISM_Herschel_Island,176,12.5,4
ISM_Herschel_Island,178,13.5,4
ISM_Herschel_Island,180,5.5,4
ISM_Herschel_Island,182,11.5,4
ISM_Herschel_Island,184,13,4
ISM_Herschel_Island,186,14,4
ISM_Herschel_Island,188,12.5,4
ISM_Herschel_Island,190,11.5,4
ISM_Herschel_Island,192,14,4
ISM_Herschel_Island,194,13,4
ISM_Herschel_Island,196,10.5,4
ISM_Herschel_Island,198,12,4
ML_Ambarchik,0,7,4
ML_Ambarchik,2,5,4
ML_Ambarchik,4,0,4
ML_Ambarchik,6,1,4
ML_Ambarchik,8,0,4
ML_Ambarchik,10,1,4
ML_Ambarchik,12,4,4
ML_Ambarchik,14,6,4
ML_Ambarchik,16,9,4
ML_Ambarchik,18,5,4
ML_Ambarchik,20,14,4
ML_Ambarchik,22,13,4
ML_Ambarchik,24,12,4
ML_Ambarchik,26,12,4
ML_Ambarchik,28,9,4
ML_Ambarchik,30,9,4
ML_Ambarchik,32,11,4
ML_Ambarchik,34,7,4
ML_Ambarchik,36,6,4
ML_Ambarchik,38,12,4
ML_Ambarchik,40,8,4
ML_Ambarchik,42,9,4
ML_Ambarchik,44,8,4
ML_Ambarchik,46,11,4
ML_Ambarchik,48,8,4
ML_Ambarchik,50,3,4
ML_Ambarchik,52,2,4
ML_Ambarchik,54,1,4
ML_Ambarchik,56,1,4
ML_Ambarchik,58,2,4
ML_Ambarchik,60,8,4
ML_Ambarchik,62,12,4
ML_Ambarchik,64,12,4
ML_Ambarchik,66,11,4
ML_Ambarchik,68,14,4
ML_Ambarchik,70,14,4
ML_Ambarchik,72,13,4
ML_Ambarchik,74,10,4
ML_Ambarchik,76,10,4
ML_Ambarchik,78,10,4
ML_Ambarchik,80,6,4
ML_Ambarchik,82,8,4
ML_Ambarchik,84,7,4
ML_Ambarchik,86,6,4
ML_Ambarchik,88,8,4
ML_Ambarchik,90,10,4
ML_Ambarchik,92,7,4
ML_Ambarchik,94,8,4
ML_Ambarchik,96,10,4
ML_Ambarchik,98,8,4
ML_Ambarchik,100,4,4
ML_Ambarchik,102,9,4
ML_Ambarchik,104,14,4
ML_Ambarchik,106,14,4
ML_Ambarchik,108,8,4
ML_Ambarchik,110,11,4
ML_Ambarchik,112,15,4
ML_Ambarchik,114,16,4
ML_Ambarchik,116,13,4
ML_Ambarchik,118,11,4
ML_Ambarchik,120,10,4
ML_Ambarchik,122,10,4
ML_Ambarchik,124,18,4
ML_Ambarchik,126,17,4
ML_Ambarchik,128,13,4
ML_Ambarchik,130,12,4
ML_Ambarchik,132,15,4
ML_Ambarchik,134,10,4
ML_Ambarchik,136,13,4
ML_Ambarchik,138,4,4
ML_Ambarchik,140,8,4
ML_Ambarchik,142,0,4
ML_Ambarchik,144,8,4
ML_Ambarchik,146,7,4
ML_Ambarchik,148,5,4
ML_Ambarchik,150,2,4
ML_Ambarchik,152,11,4
ML_Ambarchik,154,12,4
ML_Ambarchik,156,6,4
ML_Ambarchik,158,0,4
ML_Ambarchik,160,0,4
ML_Ambarchik,162,0,4
ML_Ambarchik,164,5,4
ML_Ambarchik,166,13,4
ML_Ambarchik,168,13,4
ML_Ambarchik,170,12,4
ML_Ambarchik,172,15,4
ML_Ambarchik,174,20,4
ML_Ambarchik,176,21,4
ML_Ambarchik,178,14,4
ML_Ambarchik,180,10,4
ML_Ambarchik,182,12,4
ML_Ambarchik,184,5,4
ML_Ambarchik,186,14,4
ML_Ambarchik,188,10,4
ML_Ambarchik,190,5,4
ML_Ambarchik,192,7,4
ML_Ambarchik,194,4,4
ML_Ambarchik,196,12,4
ML_Ambarchik,198,9,4
ML_Krutaya_Drisva,0,4,4
ML_Krutaya_Drisva,2,4,4
ML_Krutaya_Drisva,4,9,4
ML_Krutaya_Drisva,6,4,4
ML_Krutaya_Drisva,8,2,4
ML_Krutaya_Drisva,10,2,4
ML_Krutaya_Drisva,12,1,4
ML_Krutaya_Drisva,14,2,4
ML_Krutaya_Drisva,16,8,4
ML_Krutaya_Drisva,18,8,4
ML_Krutaya_Drisva,20,5,4
ML_Krutaya_Drisva,22,6,4
ML_Krutaya_Drisva,24,6,4
ML_Krutaya_Drisva,26,5,4
ML_Krutaya_Drisva,28,2,4
ML_Krutaya_Drisva,30,6,4
ML_Krutaya_Drisva,32,6,4
ML_Krutaya_Drisva,34,5,4
ML_Krutaya_Drisva,36,6,4
ML_Krutaya_Drisva,38,3,4
ML_Krutaya_Drisva,40,2,4
ML_Krutaya_Drisva,42,0,4
ML_Krutaya_Drisva,44,5,4
ML_Krutaya_Drisva,46,1,4
ML_Krutaya_Drisva,48,4,4
ML_Krutaya_Drisva,50,9,4
ML_Krutaya_Drisva,52,1,4
ML_Krutaya_Drisva,54,3,4
ML_Krutaya_Drisva,56,5,4
ML_Krutaya_Drisva,58,5,4
ML_Krutaya_Drisva,60,10,4
ML_Krutaya_Drisva,62,5,4
ML_Krutaya_Drisva,64,4,4
ML_Krutaya_Drisva,66,7,4
ML_Krutaya_Drisva,68,6,4
ML_Krutaya_Drisva,70,6,4
ML_Krutaya_Drisva,72,10,4
ML_Krutaya_Drisva,74,7,4
ML_Krutaya_Drisva,76,8,4
ML_Krutaya_Drisva,78,5,4
ML_Krutaya_Drisva,80,3,4
ML_Krutaya_Drisva,82,2,4
ML_Krutaya_Drisva,84,3,4
ML_Krutaya_Drisva,86,0,4
ML_Krutaya_Drisva,88,2,4
ML_Krutaya_Drisva,90,3,4
ML_Krutaya_Drisva,92,4,4
ML_Krutaya_Drisva,94,3,4
ML_Krutaya_Drisva,96,2,4
ML_Krutaya_Drisva,98,0,4
ML_Krutaya_Drisva,100,2,4
ML_Krutaya_Drisva,102,1,4
ML_Krutaya_Drisva,104,4,4
ML_Krutaya_Drisva,106,1,4
ML_Krutaya_Drisva,108,6,4
ML_Krutaya_Drisva,110,2,4
ML_Krutaya_Drisva,112,2,4
ML_Krutaya_Drisva,114,8,4
ML_Krutaya_Drisva,116,4,4
ML_Krutaya_Drisva,118,3,4
ML_Krutaya_Drisva,120,7,4
ML_Krutaya_Drisva,122,6,4
ML_Krutaya_Drisva,124,1,4
ML_Krutaya_Drisva,126,4,4
ML_Krutaya_Drisva,128,2,4
ML_Krutaya_Drisva,130,0,4
ML_Krutaya_Drisva,132,0,4
ML_Krutaya_Drisva,134,2,4
ML_Krutaya_Drisva,136,2,4
ML_Krutaya_Drisva,138,0,4
ML_Krutaya_Drisva,140,1,4
ML_Krutaya_Drisva,142,1,4
ML_Krutaya_Drisva,144,1,4
ML_Krutaya_Drisva,146,1,4
ML_Krutaya_Drisva,148,1,4
ML_Krutaya_Drisva,150,1,4
ML_Krutaya_Drisva,152,3,4
ML_Krutaya_Drisva,154,1,4
ML_Krutaya_Drisva,156,3,4
ML_Krutaya_Drisva,158,2,4
ML_Krutaya_Drisva,160,3,4
ML_Krutaya_Drisva,162,7,4
ML_Krutaya_Drisva,164,1,4
ML_Krutaya_Drisva,166,0,4
ML_Krutaya_Drisva,168,3,4
ML_Krutaya_Drisva,170,4,4
ML_Krutaya_Drisva,172,9,4
ML_Krutaya_Drisva,174,12,4
ML_Krutaya_Drisva,176,11,4
ML_Krutaya_Drisva,178,8,4
ML_Krutaya_Drisva,180,9,4
ML_Krutaya_Drisva,182,9,4
ML_Krutaya_Drisva,184,13,4
ML_Krutaya_Drisva,186,10,4
ML_Krutaya_Drisva,188,9,4
ML_Krutaya_Drisva,190,7,4
ML_Krutaya_Drisva,192,9,4
ML_Krutaya_Drisva,194,8,4
ML_Krutaya_Drisva,196,6,4
ML_Krutaya_Drisva,198,0,4
Barrow,0,0,4
Barrow,2,0,4
Barrow,4,0,4
Barrow,6,0,4
Barrow,8,0,4
Barrow,10,0,4
Barrow,12,0,4
Barrow,14,0,4
Barrow,16,0,4
Barrow,18,0,4
Barrow,20,0,4
Barrow,22,0,4
Barrow,24,0,4
Barrow,26,0,4
Barrow,28,12,4
Barrow,30,0,4
Barrow,32,0,4
Barrow,34,0,4
Barrow,36,0,4
Barrow,38,0,4
Barrow,40,2,4
Barrow,42,2,4
Barrow,44,8,4
Barrow,46,0,4
Barrow,48,4,4
Barrow,50,0,4
Barrow,52,0,4
Barrow,54,0,4
Barrow,56,0,4
Barrow,58,3,4
Barrow,60,0,4
Barrow,62,0,4
Barrow,64,3,4
Barrow,66,12,4
Barrow,68,5,4
Barrow,70,0,4
Barrow,72,0,4
Barrow,74,0,4
Barrow,76,0,4
Barrow,78,0,4
Barrow,80,0,4
Barrow,82,0,4
Barrow,84,0,4
Barrow,86,0,4
Barrow,88,0,4
Barrow,90,0,4
Barrow,92,3,4
Barrow,94,0,4
Barrow,96,0,4
Barrow,98,0,4
Barrow,100,0,4
Barrow,102,0,4
Barrow,104,0,4
Barrow,106,1,4
Barrow,108,0,4
Barrow,110,0,4
Barrow,112,1,4
Barrow,114,14,4
Barrow,116,1,4
Barrow,118,0,4
Barrow,120,0,4
Barrow,122,0,4
Barrow,124,2,4
Barrow,126,0,4
Barrow,128,0,4
Barrow,130,0,4
Barrow,132,0,4
Barrow,134,0,4
Barrow,136,3,4
Barrow,138,0,4
Barrow,140,0,4
Barrow,142,0,4
Barrow,144,0,4
Barrow,146,0,4
Barrow,148,0,4
Barrow,150,0,4
Barrow,152,0,4
Barrow,154,0,4
Barrow,156,5,4
Barrow,158,0,4
Barrow,160,0,4
Barrow,162,0,4
Barrow,164,0,4
Barrow,166,0,4
Barrow,168,0,4
Barrow,170,0,4
Barrow,172,0,4
Barrow,174,0,4
Barrow,176,0,4
Barrow,178,0,4
Barrow,180,0,4
Barrow,182,0,4
Barrow,184,0,4
Barrow,186,1,4
Barrow,188,0,4
Barrow,190,0,4
Barrow,192,0,4
Barrow,194,0,4
Barrow,196,4,4
Barrow,198,0,4
PL_DL_1,0,3,4
PL_DL_1,2,5,4
PL_DL_1,4,5,4
PL_DL_1,6,0,4
PL_DL_1,8,4,4
PL_DL_1,10,2,4
PL_DL_1,12,2,4
PL_DL_1,14,1,4
PL_DL_1,16,2,4
PL_DL_1,18,5,4
PL_DL_1,20,4,4
PL_DL_1,22,4,4
PL_DL_1,24,4,4
PL_DL_1,26,2,4
PL_DL_1,28,3,4
PL_DL_1,30,3,4
PL_DL_1,32,1,4
PL_DL_1,34,7,4
PL_DL_1,36,2,4
PL_DL_1,38,3,4
PL_DL_1,40,0,4
PL_DL_1,42,3,4
PL_DL_1,44,1,4
PL_DL_1,46,5,4
PL_DL_1,48,1,4
PL_DL_1,50,5,4
PL_DL_1,52,9,4
PL_DL_1,54,3,4
PL_DL_1,56,8,4
PL_DL_1,58,6,4
PL_DL_1,60,4,4
PL_DL_1,62,8,4
PL_DL_1,64,11,4
PL_DL_1,66,7,4
PL_DL_1,68,6,4
PL_DL_1,70,4,4
PL_DL_1,72,3,4
PL_DL_1,74,13,4
PL_DL_1,76,4,4
PL_DL_1,78,0,4
PL_DL_1,80,2,4
PL_DL_1,82,12,4
PL_DL_1,84,7,4
PL_DL_1,86,4,4
PL_DL_1,88,3,4
PL_DL_1,90,6,4
PL_DL_1,92,5,4
PL_DL_1,94,7,4
PL_DL_1,96,6,4
PL_DL_1,98,6,4
PL_DL_1,100,5,4
PL_DL_1,102,4,4
PL_DL_1,104,4,4
PL_DL_1,106,5,4
PL_DL_1,108,4,4
PL_DL_1,110,5,4
PL_DL_1,112,2,4
PL_DL_1,114,5,4
PL_DL_1,116,3,4
PL_DL_1,118,3,4
PL_DL_1,120,3,4
PL_DL_1,122,0,4
PL_DL_1,124,2,4
PL_DL_1,126,2,4
PL_DL_1,128,1,4
PL_DL_1,130,1,4
PL_DL_1,132,0,4
PL_DL_1,134,3,4
PL_DL_1,136,10,4
PL_DL_1,138,4,4
PL_DL_1,140,6,4
PL_DL_1,142,3,4
PL_DL_1,144,4,4
PL_DL_1,146,8,4
PL_DL_1,148,8,4
PL_DL_1,150,2,4
PL_DL_1,152,2,4
PL_DL_1,154,1,4
PL_DL_1,156,0,4
PL_DL_1,158,0,4
PL_DL_1,160,0,4
PL_DL_1,162,0,4
PL_DL_1,164,1,4
PL_DL_1,166,0,4
PL_DL_1,168,0,4
PL_DL_1,170,0,4
PL_DL_1,172,3,4
PL_DL_1,174,0,4
PL_DL_1,176,3,4
PL_DL_1,178,3,4
PL_DL_1,180,6,4
PL_DL_1,182,7,4
PL_DL_1,184,1,4
PL_DL_1,186,2,4
PL_DL_1,188,0,4
PL_DL_1,190,0,4
PL_DL_1,192,0,4
PL_DL_1,194,0,4
PL_DL_1,196,0,4
PL_DL_1,198,0,4
PL_DL_1,200,0,4
PL_DL_2,0,2,4
PL_DL_2,2,0,4
PL_DL_2,4,1,4
PL_DL_2,6,1,4
PL_DL_2,8,0,4
PL_DL_2,10,2,4
PL_DL_2,12,1,4
PL_DL_2,14,3,4
PL_DL_2,16,9,4
PL_DL_2,18,6,4
PL_DL_2,20,5,4
PL_DL_2,22,2,4
PL_DL_2,24,2,4
PL_DL_2,26,9,4
PL_DL_2,28,5,4
PL_DL_2,30,2,4
PL_DL_2,32,3,4
PL_DL_2,34,3,4
PL_DL_2,36,9,4
PL_DL_2,38,7,4
PL_DL_2,40,5,4
PL_DL_2,42,7,4
PL_DL_2,44,9,4
PL_DL_2,46,1,4
PL_DL_2,48,0,4
PL_DL_2,50,0,4
PL_DL_2,52,0,4
PL_DL_2,54,1,4
PL_DL_2,56,1,4
PL_DL_2,58,2,4
PL_DL_2,60,1,4
PL_DL_2,62,2,4
PL_DL_2,64,7,4
PL_DL_2,66,4,4
PL_DL_2,68,8,4
PL_DL_2,70,7,4
PL_DL_2,72,3,4
PL_DL_2,74,6,4
PL_DL_2,76,2,4
PL_DL_2,78,2,4
PL_DL_2,80,0,4
PL_DL_2,82,0,4
PL_DL_2,84,1,4
PL_DL_2,86,1,4
PL_DL_2,88,0,4
PL_DL_2,90,0,4
PL_DL_2,92,6,4
PL_DL_2,94,0,4
PL_DL_2,96,2,4
PL_DL_2,98,1,4
PL_DL_2,100,1,4
PL_DL_2,102,4,4
PL_DL_2,104,3,4
PL_DL_2,106,2,4
PL_DL_2,108,1,4
PL_DL_2,110,2,4
PL_DL_2,112,0,4
PL_DL_2,114,1,4
PL_DL_2,116,1,4
PL_DL_2,118,0,4
PL_DL_2,120,0,4
PL_DL_2,122,0,4
PL_DL_2,124,0,4
PL_DL_2,126,0,4
PL_DL_2,128,3,4
PL_DL_2,130,2,4
PL_DL_2,132,0,4
PL_DL_2,134,2,4
PL_DL_2,136,1,4
PL_DL_2,138,0,4
PL_DL_2,140,0,4
PL_DL_2,142,1,4
PL_DL_2,144,0,4
PL_DL_2,146,0,4
PL_DL_2,148,0,4
PL_DL_2,150,1,4
PL_DL_2,152,1,4
PL_DL_2,154,2,4
PL_DL_2,156,0,4
PL_DL_2,158,0,4
PL_DL_2,160,0,4
PL_DL_2,162,0,4
PL_DL_2,164,0,4
PL_DL_2,166,0,4
PL_DL_2,168,2,4
PL_DL_2,170,2,4
PL_DL_2,172,1,4
PL_DL_2,174,1,4
PL_DL_2,176,3,4
PL_DL_3,0,0,4
PL_DL_3,2,0,4
PL_DL_3,4,2,4
PL_DL_3,6,0,4
PL_DL_3,8,2,4
PL_DL_3,10,0,4
PL_DL_3,12,1,4
PL_DL_3,14,0,4
PL_DL_3,16,1,4
PL_DL_3,18,1,4
PL_DL_3,20,1,4
PL_DL_3,22,3,4
PL_DL_3,24,5,4
PL_DL_3,26,2,4
PL_DL_3,28,2,4
PL_DL_3,30,1,4
PL_DL_3,32,0,4
PL_DL_3,34,0,4
PL_DL_3,36,0,4
PL_DL_3,38,0,4
PL_DL_3,40,0,4
PL_DL_3,42,1,4
PL_DL_3,44,0,4
PL_DL_3,46,0,4
PL_DL_3,48,0,4
PL_DL_3,50,1,4
PL_DL_3,52,2,4
PL_DL_3,54,5,4
PL_DL_3,56,3,4
PL_DL_3,58,1,4
PL_DL_3,60,3,4
PL_DL_3,62,4,4
PL_DL_3,64,5,4
PL_DL_3,66,6,4
PL_DL_3,68,7,4
PL_DL_3,70,2,4
PL_DL_3,72,5,4
PL_DL_3,74,3,4
PL_DL_3,76,3,4
PL_DL_3,78,2,4
PL_DL_3,80,1,4
PL_DL_3,82,1,4
PL_DL_3,84,0,4
PL_DL_3,86,1,4
PL_DL_3,88,0,4
PL_DL_3,90,0,4
PL_DL_3,92,0,4
PL_DL_3,94,1,4
PL_DL_3,96,1,4
PL_DL_3,98,1,4
PL_DL_3,100,2,4
PL_DL_3,102,1,4
PL_DL_3,104,0,4
PL_DL_3,106,0,4
PL_DL_3,108,0,4
PL_DL_3,110,0,4
PL_DL_3,112,1,4
PL_DL_3,114,1,4
PL_DL_3,116,5,4
PL_DL_3,118,1,4
PL_DL_3,120,3,4
PL_DL_3,122,5,4
PL_DL_3,124,2,4
PL_DL_3,126,3,4
PL_DL_3,128,4,4
PL_DL_3,130,3,4
PL_DL_3,132,0,4
PL_DL_3,134,2,4
PL_DL_3,136,3,4
PL_DL_3,138,0,4
PL_DL_3,140,3,4
PL_DL_3,142,3,4
PL_DL_3,144,5,4
PL_DL_3,146,2,4
PL_DL_3,148,4,4
PL_DL_3,150,5,4
PL_DL_3,152,1,4
PL_DL_3,154,2,4
PL_DL_3,156,0,4
PL_DL_3,158,3,4
PL_DL_3,160,3,4
PL_DL_3,162,5,4
PL_DL_3,164,2,4
PL_DL_3,166,2,4
PL_DL_3,168,2,4
PL_DL_3,170,6,4
PL_DL_3,172,4,4
PL_DL_3,174,7,4
PL_DL_3,176,3,4
PL_DL_3,178,5,4
PL_DL_3,180,6,4
PL_DL_3,182,5,4
PL_DL_3,184,7,4
PL_DL_3,186,6,4
PL_DL_3,188,9,4
PL_DL_3,190,8,4
PL_DL_3,192,6,4
PL_DL_3,194,6,4
PL_DL_3,196,6,4
PL_DL_3,198,7,4
PL_DL_3,200,0,4
PL_DL_4,0,9,4
PL_DL_4,2,8,4
PL_DL_4,4,12,4
PL_DL_4,6,8,4
PL_DL_4,8,7,4
PL_DL_4,10,9,4
PL_DL_4,12,4,4
PL_DL_4,14,13,4
PL_DL_4,16,7,4
PL_DL_4,18,10,4
PL_DL_4,20,11,4
PL_DL_4,22,7,4
PL_DL_4,24,6,4
PL_DL_4,26,6,4
PL_DL_4,28,9,4
PL_DL_4,30,4,4
PL_DL_4,32,13,4
PL_DL_4,34,9,4
PL_DL_4,36,8,4
PL_DL_4,38,8,4
PL_DL_4,40,12,4
PL_DL_4,42,4,4
PL_DL_4,44,1,4
PL_DL_4,46,5,4
PL_DL_4,48,7,4
PL_DL_4,50,2,4
PL_DL_4,52,6,4
PL_DL_4,54,4,4
PL_DL_4,56,6,4
PL_DL_4,58,6,4
PL_DL_4,60,6,4
PL_DL_4,62,9,4
PL_DL_4,64,8,4
PL_DL_4,66,0,4
PL_DL_4,68,5,4
PL_DL_4,70,11,4
PL_DL_4,72,7,4
PL_DL_4,74,7,4
PL_DL_4,76,8,4
PL_DL_4,78,3,4
PL_DL_4,80,7,4
PL_DL_4,82,13,4
PL_DL_4,84,10,4
PL_DL_4,86,4,4
PL_DL_4,88,2,4
PL_DL_4,90,2,4
PL_DL_4,92,3,4
PL_DL_4,94,1,4
PL_DL_4,96,9,4
PL_DL_4,98,8,4
PL_DL_4,100,6,4
PL_DL_4,102,5,4
PL_DL_4,104,2,4
PL_DL_4,106,3,4
PL_DL_4,108,8,4
PL_DL_4,110,4,4
PL_DL_4,112,4,4
PL_DL_4,114,5,4
PL_DL_4,116,6,4
PL_DL_4,118,7,4
PL_DL_4,120,5,4
PL_DL_4,122,6,4
PL_DL_4,124,2,4
PL_DL_4,126,5,4
PL_DL_4,128,3,4
PL_DL_4,130,4,4
PL_DL_4,132,11,4
PL_DL_4,134,1,4
PL_DL_4,136,1,4
PL_DL_4,138,1,4
PL_DL_4,140,3,4
PL_DL_4,142,4,4
PL_DL_4,144,2,4
PL_DL_4,146,0,4
PL_DL_4,148,0,4
PL_DL_4,150,0,4
PL_DL_4,152,4,4
PL_DL_4,154,3,4
PL_DL_4,156,3,4
PL_DL_4,158,9,4
PL_DL_4,160,5,4
PL_DL_4,162,4,4
PL_DL_4,164,4,4
PL_DL_4,166,5,4
PL_DL_4,168,2,4
PL_DL_4,170,0,4
PL_DL_4,172,4,4
PL_DL_4,174,2,4
PL_DL_4,176,1,4
PL_DL_4,178,2,4
PL_DL_4,180,2,4
PL_DL_4,182,2,4
PL_DL_4,184,3,4
PL_DL_4,186,2,4
PL_DL_4,188,3,4
PL_DL_4,190,2,4
PL_DL_4,192,1,4
PL_DL_4,194,1,4
PL_DL_4,196,1,4
PL_DL_4,198,2,4
PL_DL_4,200,5,4
chorakdah,2,3,4
chorakdah,8,2,4
chorakdah,16,0,4
chorakdah,22,0,4
chorakdah,24,1,4
chorakdah,26,1,4
chorakdah,28,3,4
chorakdah,30,5,4
chorakdah,38,1,4
chorakdah,40,2,4
chorakdah,44,1,4
chorakdah,46,0,4
chorakdah,56,4,4
chorakdah,58,3,4
chorakdah,64,5,4
chorakdah,68,6,4
chorakdah,70,11,4
chorakdah,72,5,4
chorakdah,78,1,4
chorakdah,80,3,4
chorakdah,82,6,4
chorakdah,84,4,4
chorakdah,86,4,4
chorakdah,90,9,4
chorakdah,92,2,4
chorakdah,96,1,4
chorakdah,98,1,4
chorakdah,100,2,4
chorakdah,106,1,4
chorakdah,110,0,4
chorakdah,114,0,4
chorakdah,120,2,4
chorakdah,130,4,4
chorakdah,132,7,4
chorakdah,134,9,4
chorakdah,142,0,4
chorakdah,144,0,4
chorakdah,146,0,4
chorakdah,154,0,4
chorakdah,168,6,4
chorakdah,170,4,4
chorakdah,172,0,4
chorakdah,174,6,4
chorakdah,176,2,4
chorakdah,180,2,4
chorakdah,182,6,4
chorakdah,188,0,4
chorakdah,194,3,4
chorakdah,198,6,4
chorakdah,200,8,4
cabin,2,0,4
cabin,4,0,4
cabin,8,0,4
cabin,10,0,4
cabin,14,0,4
cabin,16,2,4
cabin,22,4,4
cabin,26,0,4
cabin,28,0,4
cabin,32,0,4
cabin,36,0,4
cabin,42,0,4
cabin,46,0,4
cabin,50,0,4
cabin,54,0,4
cabin,62,1,4
cabin,68,0,4
cabin,70,3,4
cabin,72,4,4
cabin,74,0,4
cabin,76,1,4
cabin,78,1,4
cabin,80,3,4
cabin,82,4,4
cabin,86,3,4
cabin,92,3,4
cabin,98,4,4
cabin,100,5,4
cabin,108,0,4
cabin,120,1,4
cabin,122,4,4
cabin,124,3,4
cabin,128,1,4
cabin,130,2,4
cabin,144,0,4
cabin,148,0,4
cabin,152,0,4
cabin,156,0,4
cabin,158,3,4
cabin,160,1,4
cabin,164,1,4
cabin,166,3,4
cabin,168,0,4
cabin,172,1,4
cabin,178,3,4
cabin,184,1,4
cabin,188,2,4
cabin,194,1,4
cabin,198,4,4
cabin,200,0,4
boat with hole,4,0,4
boat with hole,6,0,4
boat with hole,8,1,4
boat with hole,10,0,4
boat with hole,16,0,4
boat with hole,20,0,4
boat with hole,24,1,4
boat with hole,26,0,4
boat with hole,28,0,4
boat with hole,34,0,4
boat with hole,36,0,4
boat with hole,42,0,4
boat with hole,44,1,4
boat with hole,46,0,4
boat with hole,48,0,4
boat with hole,54,0,4
boat with hole,56,0,4
boat with hole,58,0,4
boat with hole,68,0,4
boat with hole,70,0,4
boat with hole,72,0,4
boat with hole,74,0,4
boat with hole,76,0,4
boat with hole,82,0,4
boat with hole,86,0,4
boat with hole,88,0,4
boat with hole,96,0,4
boat with hole,98,1,4
boat with hole,102,0,4
boat with hole,112,0,4
boat with hole,114,0,4
boat with hole,116,0,4
boat with hole,122,1,4
boat with hole,134,0,4
boat with hole,138,1,4
boat with hole,140,0,4
boat with hole,142,0,4
boat with hole,150,0,4
boat with hole,152,0,4
boat with hole,154,0,4
boat with hole,158,1,4
boat with hole,160,1,4
boat with hole,168,0,4
boat with hole,170,0,4
boat with hole,176,0,4
boat with hole,184,0,4
boat with hole,186,0,4
boat with hole,188,0,4
boat with hole,194,1,4
boat with hole,196,4,4
tree_line_site,2,2,4
tree_line_site,6,1,4
tree_line_site,8,0,4
tree_line_site,10,0,4
tree_line_site,12,0,4
tree_line_site,14,1,4
tree_line_site,18,0,4
tree_line_site,26,0,4
tree_line_site,28,2,4
tree_line_site,30,0,4
tree_line_site,34,0,4
tree_line_site,42,1,4
tree_line_site,44,0,4
tree_line_site,52,0,4
tree_line_site,60,0,4
tree_line_site,66,0,4
tree_line_site,68,0,4
tree_line_site,76,0,4
tree_line_site,84,0,4
tree_line_site,86,1,4
tree_line_site,90,0,4
tree_line_site,94,2,4
tree_line_site,96,0,4
tree_line_site,98,0,4
tree_line_site,102,0,4
tree_line_site,112,0,4
tree_line_site,114,1,4
tree_line_site,116,0,4
tree_line_site,118,2,4
tree_line_site,120,1,4
tree_line_site,124,0,4
tree_line_site,126,0,4
tree_line_site,130,0,4
tree_line_site,134,0,4
tree_line_site,138,0,4
tree_line_site,146,0,4
tree_line_site,154,0,4
tree_line_site,158,0,4
tree_line_site,162,0,4
tree_line_site,166,0,4
tree_line_site,170,2,4
tree_line_site,172,0,4
tree_line_site,176,0,4
tree_line_site,178,0,4
tree_line_site,180,3,4
tree_line_site,186,0,4
tree_line_site,188,0,4
tree_line_site,192,0,4
tree_line_site,194,0,4
tree_line_site,200,1,4
Sukharnaya,2,2,4
Sukharnaya,8,1,4
Sukharnaya,10,2,4
Sukharnaya,14,0,4
Sukharnaya,24,3,4
Sukharnaya,30,0,4
Sukharnaya,36,2,4
Sukharnaya,38,0,4
Sukharnaya,44,0,4
Sukharnaya,58,0,4
Sukharnaya,60,1,4
Sukharnaya,62,2,4
Sukharnaya,64,2,4
Sukharnaya,68,1,4
Sukharnaya,70,2,4
Sukharnaya,72,0,4
Sukharnaya,73,1,4
Sukharnaya,80,0,4
Sukharnaya,84,0,4
Sukharnaya,88,0,4
Sukharnaya,90,0,4
Sukharnaya,98,0,4
Sukharnaya,100,0,4
Sukharnaya,106,0,4
Sukharnaya,110,0,4
Sukharnaya,114,0,4
Sukharnaya,118,0,4
Sukharnaya,122,0,4
Sukharnaya,126,0,4
Sukharnaya,130,0,4
Sukharnaya,132,0,4
Sukharnaya,134,0,4
Sukharnaya,136,0,4
Sukharnaya,144,0,4
Sukharnaya,146,0,4
Sukharnaya,148,0,4
Sukharnaya,150,1,4
Sukharnaya,152,0,4
Sukharnaya,154,0,4
Sukharnaya,160,1,4
Sukharnaya,168,2,4
Sukharnaya,170,1,4
Sukharnaya,174,0,4
Sukharnaya,182,0,4
Sukharnaya,184,1,4
Sukharnaya,186,3,4
Sukharnaya,190,1,4
Sukharnaya,192,1,4
Sukharnaya,198,0,4
Sukharnaya,200,0,4
SC_Ambarchik,2,0,4
SC_Ambarchik,10,3,4
SC_Ambarchik,12,1,4
SC_Ambarchik,20,9,4
SC_Ambarchik,22,4,4
SC_Ambarchik,28,4,4
SC_Ambarchik,30,4,4
SC_Ambarchik,44,9,4
SC_Ambarchik,46,10,4
SC_Ambarchik,48,9,4
SC_Ambarchik,50,18,4
SC_Ambarchik,56,21,4
SC_Ambarchik,58,18,4
SC_Ambarchik,60,12,4
SC_Ambarchik,66,13,4
SC_Ambarchik,76,11,4
SC_Ambarchik,84,13,4
SC_Ambarchik,88,12,4
SC_Ambarchik,96,17,4
SC_Ambarchik,100,11,4
SC_Ambarchik,102,14,4
SC_Ambarchik,104,12,4
SC_Ambarchik,106,7,4
SC_Ambarchik,110,1,4
SC_Ambarchik,112,12,4
SC_Ambarchik,116,21,4
SC_Ambarchik,118,15,4
SC_Ambarchik,120,11,4
SC_Ambarchik,124,10,4
SC_Ambarchik,128,11,4
SC_Ambarchik,130,19,4
SC_Ambarchik,134,7,4
SC_Ambarchik,136,8,4
SC_Ambarchik,138,9,4
SC_Ambarchik,146,17,4
SC_Ambarchik,148,9,4
SC_Ambarchik,152,6,4
SC_Ambarchik,156,15,4
SC_Ambarchik,160,14,4
SC_Ambarchik,162,16,4
SC_Ambarchik,164,13,4
SC_Ambarchik,166,16,4
SC_Ambarchik,174,7,4
SC_Ambarchik,176,11,4
SC_Ambarchik,178,11,4
SC_Ambarchik,180,10,4
SC_Ambarchik,184,19,4
SC_Ambarchik,186,17,4
SC_Ambarchik,196,10,4
SC_Ambarchik,200,15,4
Chariot L41,0,9,2
Chariot L41,2,11,2
Chariot L41,3,9,2
Chariot L41,5,12,2
Chariot L41,6,11,2
Chariot L41,13,12,2
Chariot L41,19,11,2
Chariot L41,20,14,2
Chariot L41,22,9,2
Chariot L41,23,11,2
Chariot L41,1,13,2
Chariot L41,3,11,2
Chariot L41,4,9,2
Chariot L41,8,12,2
Chariot L41,9,12,2
Chariot L41,11,11,2
Chariot L41,14,10,2
Chariot L41,18,11,2
Chariot L41,19,11,2
Chariot L41,20,14,2
Chariot L52,0,5,2
Chariot L52,2,7,2
Chariot L52,3,5,2
Chariot L52,5,4,2
Chariot L52,6,6,2
Chariot L52,13,6,2
Chariot L52,19,3,2
Chariot L52,20,3,2
Chariot L52,22,4,2
Chariot L52,23,2,2
Chariot L52,1,5,2
Chariot L52,3,9,2
Chariot L52,4,4,2
Chariot L52,8,6,2
Chariot L52,9,6,2
Chariot L52,11,9,2
Chariot L52,14,6,2
Chariot L52,18,7,2
Chariot L52,24,12,2
Chariot L52,28,13,2
SN_Chandalar,1,17,20
SN_Chandalar,2,12,20
SN_Chandalar,3,7,20
SN_Happy_Valley,1,58,20
SN_Happy_Valley,2,51,20
SN_Happy_Valley,3,47,20
SN_Sag_MNT,1,7,20
SN_Sag_MNT,2,9,20
SN_Sag_MNT,3,8,20
SN_Sag_MAT,1,59,20
SN_Sag_MAT,2,61,20
SN_Sag_MAT,3,54,20
SN_Deadhorse,1,9,20
SN_Deadhorse,2,29,20
SN_Deadhorse,3,5,20
SN_Franklin_Bluff_Dry,1,1,20
SN_Franklin_Bluff_Dry,2,1,20
SN_Franklin_Bluff_Dry,3,7,20
SN_Franklin_Bluff_Wet,1,1,20
SN_Franklin_Bluff_Wet,2,1,20
SN_Franklin_Bluff_Wet,3,9,20
SN_Kutizin,1,2,20
SN_Kutizin,2,8,20
SN_Galbraith_Lake,1,0,20
SN_Galbraith_Lake,2,0,20
SN_Galbraith_Lake,3,0,20
SN_West_Dock,1,0,20
SN_West_Dock,2,0,20
SN_West_Dock,3,0,20
SN_Nome,1,0,20
SN_Nome,2,0,20
SN_Nome,3,0,20
Sukjarnaya_2,2,0,4
Sukjarnaya_2,4,0,4
Sukjarnaya_2,6,0,4
Sukjarnaya_2,8,0,4
Sukjarnaya_2,10,0,4
Sukjarnaya_2,12,0,4
Sukjarnaya_2,14,0,4
Sukjarnaya_2,16,0,4
Sukjarnaya_2,18,0,4
Sukjarnaya_2,20,0,4
Sukjarnaya_2,22,0,4
Sukjarnaya_2,24,0,4
Sukjarnaya_2,26,0,4
Sukjarnaya_2,28,0,4
Sukjarnaya_2,30,0,4
Sukjarnaya_2,32,0,4
Sukjarnaya_2,34,0,4
Sukjarnaya_2,36,0,4
Sukjarnaya_2,38,0,4
Sukjarnaya_2,40,0,4
Sukjarnaya_2,42,0,4
Sukjarnaya_2,44,0,4
Sukjarnaya_2,46,0,4
Sukjarnaya_2,48,0,4
Sukjarnaya_2,50,0,4
Sukjarnaya_2,52,0,4
Sukjarnaya_2,54,0,4
Sukjarnaya_2,56,0,4
Sukjarnaya_2,58,1,4
Sukjarnaya_2,60,0,4
Sukjarnaya_2,62,0,4
Sukjarnaya_2,64,0,4
Sukjarnaya_2,66,0,4
Sukjarnaya_2,68,0,4
Sukjarnaya_2,70,1,4
Sukjarnaya_2,72,0,4
Sukjarnaya_2,74,0,4
Sukjarnaya_2,76,0,4
Sukjarnaya_2,78,0,4
Sukjarnaya_2,80,1,4
Sukjarnaya_2,82,0,4
Sukjarnaya_2,84,0,4
Sukjarnaya_2,86,0,4
Sukjarnaya_2,88,0,4
Sukjarnaya_2,90,0,4
Sukjarnaya_2,92,0,4
Sukjarnaya_2,94,0,4
Sukjarnaya_2,96,0,4
Sukjarnaya_2,98,0,4
Sukjarnaya_2,100,0,4
Severe_burn,1,5,1
Severe_burn,2,3,1
Severe_burn,3,2,1
Severe_burn,4,5,1
Severe_burn,5,4,1
Severe_burn,6,1,1
Severe_burn,7,0,1
Severe_burn,8,2,1
Severe_burn,9,1,1
Severe_burn,10,0,1
Severe_burn,11,1,1
Severe_burn,12,5,1
Severe_burn,13,4,1
Severe_burn,14,5,1
Severe_burn,15,1,1
Severe_burn,16,1,1
Severe_burn,17,5,1
Severe_burn,18,3,1
Severe_burn,19,0,1
Severe_burn,20,4,1
Severe_burn,21,5,1
Severe_burn,22,3,1
Severe_burn,23,3,1
Severe_burn,24,4,1
Severe_burn,25,5,1
Severe_burn,26,8,1
Severe_burn,27,3,1
Severe_burn,28,3,1
Severe_burn,29,4,1
Severe_burn,30,5,1
Severe_burn,31,4,1
Severe_burn,32,4,1
Severe_burn,33,4,1
Severe_burn,34,4,1
Severe_burn,35,5,1
Severe_burn,36,0,1
Severe_burn,37,5,1
Severe_burn,38,2,1
Severe_burn,39,0,1
Severe_burn,40,5,1
Severe_burn,41,6,1
Severe_burn,42,6,1
Severe_burn,43,4,1
Severe_burn,44,4,1
Severe_burn,45,3,1
Severe_burn,46,8,1
Severe_burn,47,5,1
Severe_burn,48,6,1
Severe_burn,49,5,1
Severe_burn,50,4,1
Severe_burn,1,4,1
Severe_burn,2,5,1
Severe_burn,3,4,1
Severe_burn,4,4,1
Severe_burn,5,4,1
Severe_burn,6,3,1
Severe_burn,7,9,1
Severe_burn,8,5,1
Severe_burn,9,5,1
Severe_burn,10,4,1
Severe_burn,11,2,1
Severe_burn,12,4,1
Severe_burn,13,5,1
Severe_burn,14,3,1
Severe_burn,15,3,1
Severe_burn,16,4,1
Severe_burn,17,3,1
Severe_burn,18,3,1
Severe_burn,19,5,1
Severe_burn,20,4,1
Severe_burn,21,5,1
Severe_burn,22,4,1
Severe_burn,23,3,1
Severe_burn,24,8,1
Severe_burn,25,3,1
Severe_burn,26,4,1
Severe_burn,27,5,1
Severe_burn,28,4,1
Severe_burn,29,4,1
Severe_burn,30,3,1
Severe_burn,31,1,1
Severe_burn,32,4,1
Severe_burn,33,4,1
Severe_burn,34,2,1
Severe_burn,35,3,1
Severe_burn,36,3,1
Severe_burn,37,3,1
Severe_burn,38,3,1
Severe_burn,39,1,1
Severe_burn,40,1,1
Severe_burn,41,1,1
Severe_burn,42,3,1
Severe_burn,43,3,1
Severe_burn,44,3,1
Severe_burn,45,4,1
Severe_burn,46,4,1
Severe_burn,47,3,1
Severe_burn,48,3,1
Severe_burn,49,3,1
Severe_burn,50,4,1
Severe_burn,1,3,1
Severe_burn,2,6,1
Severe_burn,3,6,1
Severe_burn,4,3,1
Severe_burn,5,4,1
Severe_burn,6,3,1
Severe_burn,7,1,1
Severe_burn,8,4,1
Severe_burn,9,4,1
Severe_burn,10,3,1
Severe_burn,11,4,1
Severe_burn,12,5,1
Severe_burn,13,4,1
Severe_burn,14,4,1
Severe_burn,15,4,1
Severe_burn,16,6,1
Severe_burn,17,3,1
Severe_burn,18,5,1
Severe_burn,19,2,1
Severe_burn,20,4,1
Severe_burn,21,3,1
Severe_burn,22,4,1
Severe_burn,23,3,1
Severe_burn,24,4,1
Severe_burn,25,4,1
Severe_burn,26,5,1
Severe_burn,27,3,1
Severe_burn,28,5,1
Severe_burn,29,2,1
Severe_burn,30,2,1
Severe_burn,31,4,1
Severe_burn,32,6,1
Severe_burn,33,2,1
Severe_burn,34,3,1
Severe_burn,35,4,1
Severe_burn,36,3,1
Severe_burn,37,2,1
Severe_burn,38,3,1
Severe_burn,39,4,1
Severe_burn,40,4,1
Severe_burn,41,5,1
Severe_burn,42,2,1
Severe_burn,43,5,1
Severe_burn,44,5,1
Severe_burn,45,3,1
Severe_burn,46,4,1
Severe_burn,47,4,1
Severe_burn,48,5,1
Severe_burn,49,4,1
Severe_burn,1,5,1
Severe_burn,2,4,1
Severe_burn,3,5,1
Severe_burn,4,4,1
Severe_burn,5,2,1
Severe_burn,6,3,1
Severe_burn,7,4,1
Severe_burn,8,5,1
Severe_burn,9,4,1
Severe_burn,10,3,1
Severe_burn,11,5,1
Severe_burn,12,5,1
Severe_burn,13,3,1
Severe_burn,14,4,1
Severe_burn,15,7,1
Severe_burn,16,5,1
Severe_burn,17,2,1
Severe_burn,18,4,1
Severe_burn,19,2,1
Severe_burn,20,3,1
Severe_burn,21,3,1
Severe_burn,22,2,1
Severe_burn,23,3,1
Severe_burn,24,4,1
Severe_burn,25,1,1
Severe_burn,26,3,1
Severe_burn,27,1,1
Severe_burn,28,4,1
Severe_burn,29,2,1
Severe_burn,30,2,1
Severe_burn,31,3,1
Severe_burn,32,2,1
Severe_burn,33,2,1
Severe_burn,34,2,1
Severe_burn,35,5,1
Severe_burn,36,4,1
Severe_burn,37,3,1
Severe_burn,38,4,1
Severe_burn,39,2,1
Severe_burn,40,4,1
Severe_burn,41,5,1
Severe_burn,42,4,1
Severe_burn,43,4,1
Severe_burn,44,3,1
Severe_burn,45,3,1
Severe_burn,46,4,1
Severe_burn,47,5,1
Severe_burn,48,3,1
Severe_burn,49,1,1
Severe_burn,50,3,1
Moderate_burn,1,5,1
Moderate_burn,2,3,1
Moderate_burn,3,5,1
Moderate_burn,4,5,1
Moderate_burn,5,5,1
Moderate_burn,6,5,1
Moderate_burn,7,5,1
Moderate_burn,8,7,1
Moderate_burn,9,6,1
Moderate_burn,10,7,1
Moderate_burn,11,8,1
Moderate_burn,12,4,1
Moderate_burn,13,4,1
Moderate_burn,14,5,1
Moderate_burn,15,5,1
Moderate_burn,16,6,1
Moderate_burn,17,5,1
Moderate_burn,18,4,1
Moderate_burn,19,5,1
Moderate_burn,20,4,1
Moderate_burn,21,6,1
Moderate_burn,22,6,1
Moderate_burn,23,8,1
Moderate_burn,24,8,1
Moderate_burn,25,9,1
Moderate_burn,26,6,1
Moderate_burn,27,6,1
Moderate_burn,28,9,1
Moderate_burn,29,7,1
Moderate_burn,30,4,1
Moderate_burn,31,7,1
Moderate_burn,32,5,1
Moderate_burn,33,5,1
Moderate_burn,34,8,1
Moderate_burn,35,8,1
Moderate_burn,36,6,1
Moderate_burn,37,6,1
Moderate_burn,38,5,1
Moderate_burn,39,7,1
Moderate_burn,40,6,1
Moderate_burn,41,9,1
Moderate_burn,42,7,1
Moderate_burn,43,6,1
Moderate_burn,44,6,1
Moderate_burn,45,6,1
Moderate_burn,46,5,1
Moderate_burn,47,5,1
Moderate_burn,48,6,1
Moderate_burn,49,6,1
Moderate_burn,50,5,1
Moderate_burn,1,5,1
Moderate_burn,2,6,1
Moderate_burn,3,6,1
Moderate_burn,4,6,1
Moderate_burn,5,4,1
Moderate_burn,6,4,1
Moderate_burn,7,4,1
Moderate_burn,8,4,1
Moderate_burn,9,6,1
Moderate_burn,10,3,1
Moderate_burn,11,4,1
Moderate_burn,12,5,1
Moderate_burn,13,4,1
Moderate_burn,14,4,1
Moderate_burn,15,5,1
Moderate_burn,16,7,1
Moderate_burn,17,6,1
Moderate_burn,18,6,1
Moderate_burn,19,5,1
Moderate_burn,20,8,1
Moderate_burn,21,6,1
Moderate_burn,22,6,1
Moderate_burn,23,5,1
Moderate_burn,24,6,1
Moderate_burn,25,6,1
Moderate_burn,26,4,1
Moderate_burn,27,8,1
Moderate_burn,28,7,1
Moderate_burn,29,6,1
Moderate_burn,30,6,1
Moderate_burn,31,3,1
Moderate_burn,32,5,1
Moderate_burn,33,4,1
Moderate_burn,34,5,1
Moderate_burn,35,5,1
Moderate_burn,36,5,1
Moderate_burn,37,4,1
Moderate_burn,38,4,1
Moderate_burn,39,5,1
Moderate_burn,40,4,1
Moderate_burn,41,6,1
Moderate_burn,42,4,1
Moderate_burn,43,5,1
Moderate_burn,44,7,1
Moderate_burn,45,6,1
Moderate_burn,46,6,1
Moderate_burn,47,7,1
Moderate_burn,48,5,1
Moderate_burn,49,6,1
Moderate_burn,50,7,1
Moderate_burn,1,7,1
Moderate_burn,2,8,1
Moderate_burn,3,6,1
Moderate_burn,4,4,1
Moderate_burn,5,6,1
Moderate_burn,6,4,1
Moderate_burn,7,4,1
Moderate_burn,8,7,1
Moderate_burn,9,6,1
Moderate_burn,10,7,1
Moderate_burn,11,6,1
Moderate_burn,12,4,1
Moderate_burn,13,5,1
Moderate_burn,14,7,1
Moderate_burn,15,9,1
Moderate_burn,16,7,1
Moderate_burn,17,5,1
Moderate_burn,18,6,1
Moderate_burn,19,6,1
Moderate_burn,20,7,1
Moderate_burn,21,5,1
Moderate_burn,22,7,1
Moderate_burn,23,6,1
Moderate_burn,24,5,1
Moderate_burn,25,4,1
Moderate_burn,26,7,1
Moderate_burn,27,6,1
Moderate_burn,28,8,1
Moderate_burn,29,6,1
Moderate_burn,30,7,1
Moderate_burn,31,6,1
Moderate_burn,32,5,1
Moderate_burn,33,5,1
Moderate_burn,34,6,1
Moderate_burn,35,5,1
Moderate_burn,36,5,1
Moderate_burn,37,8,1
Moderate_burn,38,6,1
Moderate_burn,39,5,1
Moderate_burn,40,6,1
Moderate_burn,41,7,1
Moderate_burn,42,5,1
Moderate_burn,43,6,1
Moderate_burn,44,6,1
Moderate_burn,45,3,1
Moderate_burn,46,4,1
Moderate_burn,47,3,1
Moderate_burn,48,4,1
Moderate_burn,49,4,1
Moderate_burn,1,5,1
Moderate_burn,2,5,1
Moderate_burn,3,5,1
Moderate_burn,4,3,1
Moderate_burn,5,5,1
Moderate_burn,6,6,1
Moderate_burn,7,5,1
Moderate_burn,8,4,1
Moderate_burn,9,5,1
Moderate_burn,10,8,1
Moderate_burn,11,6,1
Moderate_burn,12,2,1
Moderate_burn,13,3,1
Moderate_burn,14,4,1
Moderate_burn,15,4,1
Moderate_burn,16,6,1
Moderate_burn,17,7,1
Moderate_burn,18,4,1
Moderate_burn,19,7,1
Moderate_burn,20,7,1
Moderate_burn,21,7,1
Moderate_burn,22,7,1
Moderate_burn,23,6,1
Moderate_burn,24,6,1
Moderate_burn,25,6,1
Moderate_burn,26,6,1
Moderate_burn,27,5,1
Moderate_burn,28,5,1
Moderate_burn,29,5,1
Moderate_burn,30,5,1
Moderate_burn,31,9,1
Moderate_burn,32,7,1
Moderate_burn,33,6,1
Moderate_burn,34,4,1
Moderate_burn,35,7,1
Moderate_burn,36,6,1
Moderate_burn,37,7,1
Moderate_burn,38,6,1
Moderate_burn,39,6,1
Moderate_burn,40,7,1
Moderate_burn,41,6,1
Moderate_burn,42,5,1
Moderate_burn,43,5,1
Moderate_burn,44,6,1
Moderate_burn,45,8,1
Moderate_burn,46,4,1
Moderate_burn,47,4,1
Moderate_burn,48,8,1
Moderate_burn,49,6,1
Moderate_burn,50,5,1
Unburned,1,8,1
Unburned,2,7,1
Unburned,3,5,1
Unburned,4,7,1
Unburned,5,7,1
Unburned,6,7,1
Unburned,7,6,1
Unburned,8,6,1
Unburned,9,8,1
Unburned,10,6,1
Unburned,11,4,1
Unburned,12,6,1
Unburned,13,7,1
Unburned,14,3,1
Unburned,15,2,1
Unburned,16,5,1
Unburned,17,3,1
Unburned,18,3,1
Unburned,19,4,1
Unburned,20,4,1
Unburned,21,4,1
Unburned,22,4,1
Unburned,23,5,1
Unburned,24,5,1
Unburned,25,5,1
Unburned,26,7,1
Unburned,27,6,1
Unburned,28,3,1
Unburned,29,3,1
Unburned,30,2,1
Unburned,31,2,1
Unburned,32,7,1
Unburned,33,3,1
Unburned,34,6,1
Unburned,35,5,1
Unburned,36,5,1
Unburned,37,5,1
Unburned,38,5,1
Unburned,39,4,1
Unburned,40,7,1
Unburned,41,7,1
Unburned,42,6,1
Unburned,43,3,1
Unburned,44,4,1
Unburned,45,4,1
Unburned,46,7,1
Unburned,47,7,1
Unburned,48,2,1
Unburned,49,6,1
Unburned,50,5,1
Unburned,1,6,1
Unburned,2,5,1
Unburned,3,5,1
Unburned,4,6,1
Unburned,5,6,1
Unburned,6,3,1
Unburned,7,4,1
Unburned,8,5,1
Unburned,9,6,1
Unburned,10,9,1
Unburned,11,7,1
Unburned,12,7,1
Unburned,13,3,1
Unburned,14,7,1
Unburned,15,5,1
Unburned,16,4,1
Unburned,17,5,1
Unburned,18,5,1
Unburned,19,4,1
Unburned,20,4,1
Unburned,21,5,1
Unburned,22,4,1
Unburned,23,7,1
Unburned,24,6,1
Unburned,25,6,1
Unburned,26,4,1
Unburned,27,5,1
Unburned,28,4,1
Unburned,29,6,1
Unburned,30,6,1
Unburned,31,6,1
Unburned,32,4,1
Unburned,33,6,1
Unburned,34,4,1
Unburned,35,6,1
Unburned,36,5,1
Unburned,37,6,1
Unburned,38,5,1
Unburned,39,4,1
Unburned,40,5,1
Unburned,41,3,1
Unburned,42,4,1
Unburned,43,4,1
Unburned,44,4,1
Unburned,45,4,1
Unburned,46,4,1
Unburned,47,5,1
Unburned,48,4,1
Unburned,49,5,1
Unburned,50,5,1
Unburned,1,4,1
Unburned,2,5,1
Unburned,3,5,1
Unburned,4,4,1
Unburned,5,6,1
Unburned,6,5,1
Unburned,7,5,1
Unburned,8,4,1
Unburned,9,4,1
Unburned,10,5,1
Unburned,11,5,1
Unburned,12,3,1
Unburned,13,8,1
Unburned,14,4,1
Unburned,15,4,1
Unburned,16,5,1
Unburned,17,6,1
Unburned,18,4,1
Unburned,19,3,1
Unburned,20,5,1
Unburned,21,6,1
Unburned,22,3,1
Unburned,23,3,1
Unburned,24,6,1
Unburned,25,6,1
Unburned,26,6,1
Unburned,27,7,1
Unburned,28,2,1
Unburned,29,3,1
Unburned,30,3,1
Unburned,31,4,1
Unburned,32,3,1
Unburned,33,5,1
Unburned,34,5,1
Unburned,35,6,1
Unburned,36,5,1
Unburned,37,3,1
Unburned,38,6,1
Unburned,39,5,1
Unburned,40,6,1
Unburned,41,4,1
Unburned,42,5,1
Unburned,43,4,1
Unburned,44,3,1
Unburned,45,3,1
Unburned,46,4,1
Unburned,47,3,1
Unburned,48,5,1
Unburned,49,3,1
Unburned,50,4,1
Unburned,1,3,1
Unburned,2,5,1
Unburned,3,4,1
Unburned,4,6,1
Unburned,5,5,1
Unburned,6,4,1
Unburned,7,6,1
Unburned,8,6,1
Unburned,9,6,1
Unburned,10,4,1
Unburned,11,5,1
Unburned,12,4,1
Unburned,13,3,1
Unburned,14,4,1
Unburned,15,5,1
Unburned,16,3,1
Unburned,17,4,1
Unburned,18,3,1
Unburned,19,2,1
Unburned,20,6,1
Unburned,21,3,1
Unburned,22,5,1
Unburned,23,5,1
Unburned,24,5,1
Unburned,25,3,1
Unburned,26,2,1
Unburned,27,4,1
Unburned,28,6,1
Unburned,29,5,1
Unburned,30,4,1
Unburned,31,7,1
Unburned,32,7,1
Unburned,33,6,1
Unburned,34,6,1
Unburned,35,7,1
Unburned,36,6,1
Unburned,37,5,1
Unburned,38,3,1
Unburned,39,6,1
Unburned,40,4,1
Unburned,41,6,1
Unburned,42,7,1
Unburned,43,5,1
Unburned,44,6,1
Unburned,45,3,1
Unburned,46,6,1
Unburned,47,5,1
Unburned,48,3,1
Unburned,49,5,1
Colville_w3,8,22,4
Colville_w3,12,21,4
Colville_w3,14,24,4
Colville_w3,22,22,4
Colville_w3,24,19,4
Colville_w3,26,28,4
Colville_w3,28,18,4
Colville_w3,32,26,4
Colville_w3,34,27,4
Colville_w3,36,30,4
Colville_w3,40,26,4
Colville_w3,42,21,4
Colville_w3,50,27,4
Colville_w3,52,31,4
Colville_w3,54,19,4
Colville_w3,62,28,4
Colville_w3,74,17,4
Colville_w3,88,29,4
Colville_w3,94,23,4
Colville_w3,96,16,4
Colville_w3,98,23,4
Colville_w3,104,20,4
Colville_w3,106,22,4
Colville_w3,110,32,4
Colville_w3,112,19,4
Colville_w3,114,31,4
Colville_w3,120,19,4
Colville_w3,122,23,4
Colville_w3,128,22,4
Colville_w3,130,29,4
Colville_w3,132,27,4
Colville_w3,134,23,4
Colville_w3,138,26,4
Colville_w3,144,22,4
Colville_w3,148,24,4
Colville_w3,152,28,4
Colville_w3,154,22,4
Colville_w3,158,24,4
Colville_w3,160,27,4
Colville_w3,164,28,4
Colville_w3,168,32,4
Colville_w3,172,24,4
Colville_w3,174,25,4
Colville_w3,176,30,4
Colville_w3,186,22,4
Colville_w3,188,21,4
Colville_w3,190,26,4
Colville_w3,194,24,4
Colville_w3,196,30,4
Colville_w3,198,32,4
Colville_w2,2,33,4
Colville_w2,4,37,4
Colville_w2,6,26,4
Colville_w2,8,40,4
Colville_w2,10,28,4
Colville_w2,12,32,4
Colville_w2,16,38,4
Colville_w2,20,17,4
Colville_w2,22,5,4
Colville_w2,30,0,4
Colville_w2,36,54,4
Colville_w2,38,39,4
Colville_w2,40,51,4
Colville_w2,46,23,4
Colville_w2,52,28,4
Colville_w2,56,34,4
Colville_w2,58,43,4
Colville_w2,60,34,4
Colville_w2,62,38,4
Colville_w2,72,40,4
Colville_w2,74,26,4
Colville_w2,78,15,4
Colville_w2,82,36,4
Colville_w2,84,37,4
Colville_w2,92,35,4
Colville_w2,98,43,4
Colville_w2,100,33,4
Colville_w2,102,24,4
Colville_w2,104,0,4
Colville_w2,106,0,4
Colville_w2,112,10,4
Colville_w2,114,20,4
Colville_w2,116,12,4
Colville_w2,118,17,4
Colville_w2,120,10,4
Colville_w2,132,35,4
Colville_w2,134,27,4
Colville_w2,138,26,4
Colville_w2,142,17,4
Colville_w2,146,37,4
Colville_w2,150,33,4
Colville_w2,158,23,4
Colville_w2,162,14,4
Colville_w2,168,40,4
Colville_w2,170,27,4
Colville_w2,174,40,4
Colville_w2,180,33,4
Colville_w2,186,32,4
Colville_w2,188,35,4
Colville_w2,198,28,4
Colville_w1,2,34,4
Colville_w1,6,10,4
Colville_w1,8,18,4
Colville_w1,10,23,4
Colville_w1,12,11,4
Colville_w1,14,12,4
Colville_w1,16,20,4
Colville_w1,18,27,4
Colville_w1,24,20,4
Colville_w1,28,22,4
Colville_w1,30,21,4
Colville_w1,34,20,4
Colville_w1,38,18,4
Colville_w1,40,19,4
Colville_w1,42,12,4
Colville_w1,48,17,4
Colville_w1,56,21,4
Colville_w1,58,23,4
Colville_w1,62,10,4
Colville_w1,70,27,4
Colville_w1,72,17,4
Colville_w1,86,13,4
Colville_w1,88,16,4
Colville_w1,90,10,4
Colville_w1,92,17,4
Colville_w1,96,25,4
Colville_w1,100,26,4
Colville_w1,102,20,4
Colville_w1,112,18,4
Colville_w1,116,13,4
Colville_w1,118,21,4
Colville_w1,120,20,4
Colville_w1,122,21,4
Colville_w1,124,22,4
Colville_w1,130,22,4
Colville_w1,132,23,4
Colville_w1,134,25,4
Colville_w1,136,24,4
Colville_w1,140,22,4
Colville_w1,150,21,4
Colville_w1,152,23,4
Colville_w1,160,11,4
Colville_w1,168,19,4
Colville_w1,172,28,4
Colville_w1,174,24,4
Colville_w1,176,18,4
Colville_w1,182,19,4
Colville_w1,184,12,4
Colville_w1,186,9,4
Colville_w1,194,30,4
SO_atqasuk,0,25,4
SO_atqasuk,4,22,4
SO_atqasuk,8,6,4
SO_atqasuk,12,8,4
SO_atqasuk,16,5,4
SO_atqasuk,20,2,4
SO_atqasuk,24,12,4
SO_atqasuk,28,15,4
SO_atqasuk,32,11,4
SO_atqasuk,36,4,4
SO_atqasuk,40,1,4
SO_atqasuk,44,0,4
SO_atqasuk,48,0,4
SO_atqasuk,52,0,4
SO_atqasuk,56,2,4
SO_atqasuk,60,47,4
SO_atqasuk,64,36,4
SO_atqasuk,68,25,4
SO_atqasuk,72,22,4
SO_atqasuk,76,28,4
SO_atqasuk,80,16,4
SO_atqasuk,84,36,4
SO_atqasuk,88,31,4
SO_atqasuk,92,28,4
SO_atqasuk,96,27,4
SO_atqasuk,100,33,4
SO_atqasuk,104,28,4
SO_atqasuk,108,41,4
SO_atqasuk,112,27,4
SO_atqasuk,116,20,4
SO_atqasuk,120,23,4
SO_atqasuk,124,22,4
SO_atqasuk,128,26,4
SO_atqasuk,132,19,4
SO_atqasuk,136,32,4
SO_atqasuk,140,33,4
SO_atqasuk,144,30,4
SO_atqasuk,148,23,4
SO_atqasuk,152,23,4
SO_atqasuk,156,21,4
SO_atqasuk,160,23,4
SO_atqasuk,164,26,4
SO_atqasuk,168,21,4
SO_atqasuk,172,15,4
SO_atqasuk,176,17,4
SO_atqasuk,180,21,4
SO_atqasuk,184,25,4
SO_atqasuk,188,21,4
SO_atqasuk,192,15,4
SO_atqasuk,196,16,4
JM_1,0,0,4
JM_1,2,0,4
JM_1,4,0,4
JM_1,6,0,4
JM_1,8,0,4
JM_1,10,0,4
JM_1,12,0,4
JM_1,14,0,4
JM_1,16,0,4
JM_1,18,0,4
JM_1,20,0,4
JM_1,22,0,4
JM_1,24,0,4
JM_1,26,0,4
JM_1,28,0,4
JM_1,30,0,4
JM_1,32,0,4
JM_1,34,0,4
JM_1,36,0,4
JM_1,38,0,4
JM_1,40,0,4
JM_1,42,0,4
JM_1,44,0,4
JM_1,46,0,4
JM_1,48,0,4
JM_2,0,0,4
JM_2,2,0,4
JM_2,4,0,4
JM_2,6,0,4
JM_2,8,0,4
JM_2,10,1,4
JM_2,12,2,4
JM_2,14,4,4
JM_2,16,2,4
JM_2,18,1,4
JM_2,20,1,4
JM_2,22,1,4
JM_2,24,0,4
JM_2,26,0,4
JM_2,28,1,4
JM_2,30,1,4
JM_2,32,0,4
JM_2,34,0,4
JM_2,36,0,4
JM_2,38,0,4
JM_2,40,0,4
JM_2,42,0,4
JM_2,44,0,4
JM_2,46,0,4
JM_2,48,0,4
JM_2,50,0,4
JM_3,0,0,4
JM_3,2,0,4
JM_3,4,0,4
JM_3,6,3,4
JM_3,8,3,4
JM_3,10,1,4
JM_3,12,0,4
JM_3,14,0,4
JM_3,16,0,4
JM_3,18,0,4
JM_3,20,0,4
JM_3,22,0,4
JM_3,24,0,4
JM_3,26,0,4
JM_3,28,0,4
JM_3,30,0,4
JM_3,32,0,4
JM_3,34,0,4
JM_3,36,0,4
JM_3,38,0,4
JM_3,40,0,4
JM_3,42,1,4
JM_3,44,2,4
JM_3,46,5,4
JM_3,48,0,4
JM_3,50,0,4
JM_4,0,0,4
JM_4,2,0,4
JM_4,4,0,4
JM_4,6,0,4
JM_4,8,0,4
JM_4,10,0,4
JM_4,12,0,4
JM_4,14,0,4
JM_4,16,0,4
JM_4,18,0,4
JM_4,20,0,4
JM_4,22,0,4
JM_4,24,0,4
JM_4,26,0,4
JM_4,28,0,4
JM_4,30,0,4
JM_4,32,0,4
JM_4,34,0,4
JM_4,36,0,4
JM_4,38,2,4
JM_4,40,2,4
JM_4,42,0,4
JM_4,44,0,4
JM_4,46,0,4
JM_4,48,0,4
JM_4,50,0,4
JM_5,0,0,4
JM_5,2,0,4
JM_5,4,5,4
JM_5,6,3,4
JM_5,8,0,4
JM_5,10,0,4
JM_5,12,0,4
JM_5,14,0,4
JM_5,16,0,4
JM_5,18,0,4
JM_5,20,0,4
JM_5,22,0,4
JM_5,24,0,4
JM_5,26,0,4
JM_5,28,1,4
JM_5,30,1,4
JM_5,32,0,4
JM_5,34,2,4
JM_5,36,1,4
JM_5,38,0,4
JM_5,40,0,4
JM_5,42,0,4
JM_5,44,1,4
JM_5,46,0,4
JM_5,48,0,4
JM_5,50,0,4
JM_6,0,2,4
JM_6,2,1,4
JM_6,4,0,4
JM_6,6,0,4
JM_6,8,0,4
JM_6,10,0,4
JM_6,12,0,4
JM_6,14,0,4
JM_6,16,0,4
JM_6,18,0,4
JM_6,20,0,4
JM_6,22,0,4
JM_6,24,0,4
JM_6,26,0,4
JM_6,28,1,4
JM_6,30,1,4
JM_6,32,0,4
JM_6,34,0,4
JM_6,36,0,4
JM_6,38,0,4
JM_6,40,0,4
JM_6,42,0,4
JM_6,44,0,4
JM_6,46,0,4
JM_6,48,0,4
JM_6,50,0,4
JM_7,0,0,4
JM_7,2,1,4
JM_7,4,1,4
JM_7,6,0,4
JM_7,8,0,4
JM_7,10,0,4
JM_7,12,0,4
JM_7,14,0,4
JM_7,16,0,4
JM_7,18,0,4
JM_7,20,0,4
JM_7,22,0,4
JM_7,24,0,4
JM_7,26,1,4
JM_7,28,0,4
JM_7,30,0,4
JM_7,32,0,4
JM_7,34,0,4
JM_7,36,0,4
JM_7,38,0,4
JM_7,40,1,4
JM_7,42,0,4
JM_7,44,0,4
JM_7,46,0,4
JM_7,48,0,4
JM_7,50,0,4
JM_8,0,0,4
JM_8,2,1,4
JM_8,4,0,4
JM_8,6,0,4
JM_8,8,0,4
JM_8,10,2,4
JM_8,12,1,4
JM_8,14,0,4
JM_8,16,0,4
JM_8,18,0,4
JM_8,20,0,4
JM_8,22,0,4
JM_8,24,0,4
JM_8,26,0,4
JM_8,28,0,4
JM_8,30,0,4
JM_8,32,0,4
JM_8,34,0,4
JM_8,36,0,4
JM_8,38,0,4
JM_8,40,0,4
JM_8,42,0,4
JM_8,44,0,4
JM_8,46,0,4
JM_8,48,0,4
JM_8,50,0,4
JM_9,0,0,4
JM_9,2,0,4
JM_9,4,0,4
JM_9,6,0,4
JM_9,8,0,4
JM_9,10,0,4
JM_9,12,0,4
JM_9,14,0,4
JM_9,16,0,4
JM_9,18,0,4
JM_9,20,0,4
JM_9,22,0,4
JM_9,24,0,4
JM_9,26,0,4
JM_9,28,0,4
JM_9,30,0,4
JM_9,32,0,4
JM_9,34,0,4
JM_9,36,0,4
JM_9,38,0,4
JM_9,40,0,4
JM_9,42,0,4
JM_9,44,0,4
JM_9,46,0,4
JM_9,48,0,4
JM_9,50,0,4
JM_10,0,0,4
JM_10,2,2,4
JM_10,4,1,4
JM_10,6,0,4
JM_10,8,4,4
JM_10,10,4,4
JM_10,12,1,4
JM_10,14,2,4
JM_10,16,1,4
JM_10,18,0,4
JM_10,20,0,4
JM_10,22,0,4
JM_10,24,0,4
JM_10,26,0,4
JM_10,28,0,4
JM_10,30,0,4
JM_10,32,0,4
JM_10,34,0,4
JM_10,36,1,4
JM_10,38,0,4
JM_10,40,1,4
JM_10,42,1,4
JM_10,44,0,4
JM_10,46,0,4
JM_10,48,0,4
JM_10,50,0,4
JM_11,0,0,4
JM_11,2,0,4
JM_11,4,2,4
JM_11,6,0,4
JM_11,8,0,4
JM_11,10,0,4
JM_11,12,0,4
JM_11,14,0,4
JM_11,16,0,4
JM_11,18,0,4
JM_11,20,0,4
JM_11,22,0,4
JM_11,24,0,4
JM_11,26,0,4
JM_11,28,0,4
JM_11,30,0,4
JM_11,32,0,4
JM_11,34,0,4
JM_11,36,0,4
JM_11,38,0,4
JM_11,40,0,4
JM_11,42,0,4
JM_11,44,0,4
JM_11,46,0,4
JM_11,48,0,4
JM_11,50,0,4
JM_12,0,2,4
JM_12,2,0,4
JM_12,4,0,4
JM_12,6,0,4
JM_12,8,0,4
JM_12,10,0,4
JM_12,12,0,4
JM_12,14,0,4
JM_12,16,0,4
JM_12,18,0,4
JM_12,20,0,4
JM_12,22,0,4
JM_12,24,0,4
JM_12,26,0,4
JM_12,28,0,4
JM_12,30,0,4
JM_12,32,0,4
JM_12,34,0,4
JM_12,36,0,4
JM_12,38,0,4
JM_12,40,0,4
JM_12,42,0,4
JM_12,44,0,4
JM_12,46,0,4
JM_12,48,0,4
JM_12,50,0,4
JM_13,0,1,4
JM_13,2,4,4
JM_13,4,3,4
JM_13,6,0,4
JM_13,8,0,4
JM_13,10,0,4
JM_13,12,0,4
JM_13,14,0,4
JM_13,16,0,4
JM_13,18,0,4
JM_13,20,0,4
JM_13,22,0,4
JM_13,24,0,4
JM_13,26,0,4
JM_13,28,0,4
JM_13,30,0,4
JM_13,32,0,4
JM_13,34,0,4
JM_13,36,0,4
JM_13,38,0,4
JM_13,40,0,4
JM_13,42,0,4
JM_13,44,0,4
JM_13,46,0,4
JM_13,48,0,4
JM_13,50,0,4
JM_14,0,0,4
JM_14,2,0,4
JM_14,4,0,4
JM_14,6,0,4
JM_14,8,0,4
JM_14,10,0,4
JM_14,12,0,4
JM_14,14,0,4
JM_14,16,0,4
JM_14,18,0,4
JM_14,20,0,4
JM_14,22,0,4
JM_14,24,0,4
JM_14,26,0,4
JM_14,28,0,4
JM_14,30,0,4
JM_14,32,0,4
JM_14,34,0,4
JM_14,36,0,4
JM_14,38,0,4
JM_14,40,0,4
JM_14,42,0,4
JM_14,44,0,4
JM_14,46,0,4
JM_14,48,0,4
JM_14,50,0,4
JM_15,0,0,4
JM_15,2,0,4
JM_15,4,0,4
JM_15,6,0,4
JM_15,8,0,4
JM_15,10,0,4
JM_15,12,0,4
JM_15,14,0,4
JM_15,16,0,4
JM_15,18,0,4
JM_15,20,0,4
JM_15,22,0,4
JM_15,24,0,4
JM_15,26,0,4
JM_15,28,0,4
JM_15,30,0,4
JM_15,32,0,4
JM_15,34,0,4
JM_15,36,0,4
JM_15,38,0,4
JM_15,40,0,4
JM_15,42,0,4
JM_15,44,0,4
JM_15,46,0,4
JM_15,48,0,4
JM_15,50,0,4
JM_16,0,1,4
JM_16,2,1,4
JM_16,4,0,4
JM_16,6,0,4
JM_16,8,0,4
JM_16,10,0,4
JM_16,12,0,4
JM_16,14,0,4
JM_16,16,0,4
JM_16,18,0,4
JM_16,20,0,4
JM_16,22,0,4
JM_16,24,0,4
JM_16,26,0,4
JM_16,28,0,4
JM_16,30,0,4
JM_16,32,0,4
JM_16,34,0,4
JM_16,36,0,4
JM_16,38,0,4
JM_16,40,0,4
JM_16,42,0,4
JM_16,44,0,4
JM_16,46,0,4
JM_16,48,0,4
JM_16,50,0,4
JM_17,0,0,4
JM_17,2,0,4
JM_17,4,0,4
JM_17,6,0,4
JM_17,8,0,4
JM_17,10,0,4
JM_17,12,0,4
JM_17,14,0,4
JM_17,16,0,4
JM_17,18,0,4
JM_17,20,0,4
JM_17,22,0,4
JM_17,24,0,4
JM_17,26,0,4
JM_17,28,0,4
JM_17,30,0,4
JM_17,32,0,4
JM_17,34,0,4
JM_17,36,0,4
JM_17,38,0,4
JM_17,40,0,4
JM_17,42,0,4
JM_17,44,0,4
JM_17,46,0,4
JM_17,48,0,4
JM_17,50,0,4
JM_18,0,0,4
JM_18,2,0,4
JM_18,4,0,4
JM_18,6,0,4
JM_18,8,0,4
JM_18,10,0,4
JM_18,12,0,4
JM_18,14,0,4
JM_18,16,0,4
JM_18,18,0,4
JM_18,20,0,4
JM_18,22,0,4
JM_18,24,0,4
JM_18,26,0,4
JM_18,28,0,4
JM_18,30,0,4
JM_18,32,0,4
JM_18,34,0,4
JM_18,36,0,4
JM_18,38,0,4
JM_18,40,0,4
JM_18,42,0,4
JM_18,44,0,4
JM_18,46,0,4
JM_18,48,0,4
JM_18,50,0,4
JM_19,0,0,4
JM_19,2,0,4
JM_19,4,0,4
JM_19,6,0,4
JM_19,8,0,4
JM_19,10,0,4
JM_19,12,0,4
JM_19,14,0,4
JM_19,16,0,4
JM_19,18,0,4
JM_19,20,0,4
JM_19,22,0,4
JM_19,24,0,4
JM_19,26,0,4
JM_19,28,0,4
JM_19,30,0,4
JM_19,32,0,4
JM_19,34,0,4
JM_19,36,0,4
JM_19,38,0,4
JM_19,40,1,4
JM_19,42,0,4
JM_19,44,0,4
JM_19,46,0,4
JM_19,48,0,4
JM_19,50,0,4
JM_20,0,0,4
JM_20,2,0,4
JM_20,4,0,4
JM_20,6,0,4
JM_20,8,0,4
JM_20,10,0,4
JM_20,12,0,4
JM_20,14,0,4
JM_20,16,0,4
JM_20,18,0,4
JM_20,20,0,4
JM_20,22,0,4
JM_20,24,0,4
JM_20,26,0,4
JM_20,28,0,4
JM_20,30,0,4
JM_20,32,0,4
JM_20,34,0,4
JM_20,36,0,4
JM_20,38,0,4
JM_20,40,0,4
JM_20,42,0,4
JM_20,44,0,4
JM_20,46,0,4
JM_20,48,0,4
JM_20,50,0,4